rate_date,currency,rate_per_eur
2023-01-02,CHF,0.942000
2023-01-02,GBP,0.858000
2023-01-02,USD,1.085000
2023-01-03,CHF,0.939352
2023-01-03,GBP,0.853287
2023-01-03,USD,1.081643
2023-01-04,CHF,0.939514
2023-01-04,GBP,0.852568
2023-01-04,USD,1.084886
2023-01-05,CHF,0.934959
2023-01-05,GBP,0.853014
2023-01-05,USD,1.083759
2023-01-06,CHF,0.932524
2023-01-06,GBP,0.856733
2023-01-06,USD,1.082240
2023-01-09,CHF,0.932825
2023-01-09,GBP,0.856778
2023-01-09,USD,1.081949
2023-01-10,CHF,0.929836
2023-01-10,GBP,0.856310
2023-01-10,USD,1.080323
2023-01-11,CHF,0.928040
2023-01-11,GBP,0.860357
2023-01-11,USD,1.077629
2023-01-12,CHF,0.926667
2023-01-12,GBP,0.861659
2023-01-12,USD,1.083451
2023-01-13,CHF,0.927949
2023-01-13,GBP,0.867658
2023-01-13,USD,1.086360
2023-01-16,CHF,0.926819
2023-01-16,GBP,0.869587
2023-01-16,USD,1.093446
2023-01-17,CHF,0.928286
2023-01-17,GBP,0.866762
2023-01-17,USD,1.090736
2023-01-18,CHF,0.931461
2023-01-18,GBP,0.864537
2023-01-18,USD,1.089811
2023-01-19,CHF,0.930199
2023-01-19,GBP,0.864943
2023-01-19,USD,1.085455
2023-01-20,CHF,0.930428
2023-01-20,GBP,0.861937
2023-01-20,USD,1.084825
2023-01-23,CHF,0.929629
2023-01-23,GBP,0.860038
2023-01-23,USD,1.086253
2023-01-24,CHF,0.929797
2023-01-24,GBP,0.858025
2023-01-24,USD,1.079182
2023-01-25,CHF,0.927106
2023-01-25,GBP,0.855636
2023-01-25,USD,1.084615
2023-01-26,CHF,0.928826
2023-01-26,GBP,0.860722
2023-01-26,USD,1.092208
2023-01-27,CHF,0.928303
2023-01-27,GBP,0.861012
2023-01-27,USD,1.093025
2023-01-30,CHF,0.927024
2023-01-30,GBP,0.863886
2023-01-30,USD,1.088320
2023-01-31,CHF,0.924163
2023-01-31,GBP,0.868731
2023-01-31,USD,1.092229
2023-02-01,CHF,0.925554
2023-02-01,GBP,0.871928
2023-02-01,USD,1.095072
2023-02-02,CHF,0.927081
2023-02-02,GBP,0.864794
2023-02-02,USD,1.098453
2023-02-03,CHF,0.924016
2023-02-03,GBP,0.861602
2023-02-03,USD,1.104820
2023-02-06,CHF,0.927564
2023-02-06,GBP,0.862060
2023-02-06,USD,1.107990
2023-02-07,CHF,0.927904
2023-02-07,GBP,0.861418
2023-02-07,USD,1.109416
2023-02-08,CHF,0.929289
2023-02-08,GBP,0.860639
2023-02-08,USD,1.112617
2023-02-09,CHF,0.931089
2023-02-09,GBP,0.858703
2023-02-09,USD,1.104564
2023-02-10,CHF,0.931180
2023-02-10,GBP,0.855329
2023-02-10,USD,1.110401
2023-02-13,CHF,0.933358
2023-02-13,GBP,0.857527
2023-02-13,USD,1.100434
2023-02-14,CHF,0.932864
2023-02-14,GBP,0.857880
2023-02-14,USD,1.104145
2023-02-15,CHF,0.933013
2023-02-15,GBP,0.858575
2023-02-15,USD,1.100759
2023-02-16,CHF,0.933992
2023-02-16,GBP,0.857681
2023-02-16,USD,1.104411
2023-02-17,CHF,0.930154
2023-02-17,GBP,0.859420
2023-02-17,USD,1.103260
2023-02-20,CHF,0.928408
2023-02-20,GBP,0.860428
2023-02-20,USD,1.105255
2023-02-21,CHF,0.925316
2023-02-21,GBP,0.864490
2023-02-21,USD,1.103587
2023-02-22,CHF,0.920872
2023-02-22,GBP,0.862211
2023-02-22,USD,1.104668
2023-02-23,CHF,0.918570
2023-02-23,GBP,0.861085
2023-02-23,USD,1.105412
2023-02-24,CHF,0.919924
2023-02-24,GBP,0.862589
2023-02-24,USD,1.117509
2023-02-27,CHF,0.920198
2023-02-27,GBP,0.859475
2023-02-27,USD,1.119394
2023-02-28,CHF,0.920952
2023-02-28,GBP,0.861108
2023-02-28,USD,1.123450
2023-03-01,CHF,0.921460
2023-03-01,GBP,0.859735
2023-03-01,USD,1.123079
2023-03-02,CHF,0.924678
2023-03-02,GBP,0.865822
2023-03-02,USD,1.122034
2023-03-03,CHF,0.925518
2023-03-03,GBP,0.861586
2023-03-03,USD,1.119561
2023-03-06,CHF,0.923047
2023-03-06,GBP,0.857987
2023-03-06,USD,1.123256
2023-03-07,CHF,0.924093
2023-03-07,GBP,0.861332
2023-03-07,USD,1.122616
2023-03-08,CHF,0.922719
2023-03-08,GBP,0.862364
2023-03-08,USD,1.119820
2023-03-09,CHF,0.924375
2023-03-09,GBP,0.858555
2023-03-09,USD,1.124840
2023-03-10,CHF,0.923815
2023-03-10,GBP,0.859067
2023-03-10,USD,1.130129
2023-03-13,CHF,0.921518
2023-03-13,GBP,0.858985
2023-03-13,USD,1.127603
2023-03-14,CHF,0.919985
2023-03-14,GBP,0.867252
2023-03-14,USD,1.132543
2023-03-15,CHF,0.917368
2023-03-15,GBP,0.863035
2023-03-15,USD,1.139525
2023-03-16,CHF,0.916698
2023-03-16,GBP,0.864411
2023-03-16,USD,1.136065
2023-03-17,CHF,0.915208
2023-03-17,GBP,0.862548
2023-03-17,USD,1.140241
2023-03-20,CHF,0.911946
2023-03-20,GBP,0.862570
2023-03-20,USD,1.132019
2023-03-21,CHF,0.910057
2023-03-21,GBP,0.865397
2023-03-21,USD,1.134705
2023-03-22,CHF,0.909341
2023-03-22,GBP,0.865090
2023-03-22,USD,1.137096
2023-03-23,CHF,0.909602
2023-03-23,GBP,0.868016
2023-03-23,USD,1.132248
2023-03-24,CHF,0.909970
2023-03-24,GBP,0.868816
2023-03-24,USD,1.131759
2023-03-27,CHF,0.908392
2023-03-27,GBP,0.870873
2023-03-27,USD,1.124099
2023-03-28,CHF,0.906347
2023-03-28,GBP,0.867579
2023-03-28,USD,1.126199
2023-03-29,CHF,0.908652
2023-03-29,GBP,0.862884
2023-03-29,USD,1.128410
2023-03-30,CHF,0.907250
2023-03-30,GBP,0.858861
2023-03-30,USD,1.121481
2023-03-31,CHF,0.906490
2023-03-31,GBP,0.855190
2023-03-31,USD,1.112115
2023-04-03,CHF,0.906583
2023-04-03,GBP,0.854748
2023-04-03,USD,1.111650
2023-04-04,CHF,0.904585
2023-04-04,GBP,0.853057
2023-04-04,USD,1.106344
2023-04-05,CHF,0.905145
2023-04-05,GBP,0.856566
2023-04-05,USD,1.108198
2023-04-06,CHF,0.906331
2023-04-06,GBP,0.856328
2023-04-06,USD,1.107970
2023-04-07,CHF,0.904409
2023-04-07,GBP,0.852504
2023-04-07,USD,1.109156
2023-04-10,CHF,0.904533
2023-04-10,GBP,0.852890
2023-04-10,USD,1.104215
2023-04-11,CHF,0.905266
2023-04-11,GBP,0.850800
2023-04-11,USD,1.105961
2023-04-12,CHF,0.905405
2023-04-12,GBP,0.851640
2023-04-12,USD,1.109945
2023-04-13,CHF,0.906744
2023-04-13,GBP,0.851544
2023-04-13,USD,1.109946
2023-04-14,CHF,0.907225
2023-04-14,GBP,0.860856
2023-04-14,USD,1.111652
2023-04-17,CHF,0.905674
2023-04-17,GBP,0.860421
2023-04-17,USD,1.106504
2023-04-18,CHF,0.906338
2023-04-18,GBP,0.864257
2023-04-18,USD,1.109688
2023-04-19,CHF,0.906313
2023-04-19,GBP,0.861873
2023-04-19,USD,1.113887
2023-04-20,CHF,0.903652
2023-04-20,GBP,0.856026
2023-04-20,USD,1.116985
2023-04-21,CHF,0.905006
2023-04-21,GBP,0.858144
2023-04-21,USD,1.119757
2023-04-24,CHF,0.906584
2023-04-24,GBP,0.862020
2023-04-24,USD,1.121288
2023-04-25,CHF,0.908708
2023-04-25,GBP,0.862005
2023-04-25,USD,1.122298
2023-04-26,CHF,0.907605
2023-04-26,GBP,0.857558
2023-04-26,USD,1.118541
2023-04-27,CHF,0.910618
2023-04-27,GBP,0.862115
2023-04-27,USD,1.114017
2023-04-28,CHF,0.912049
2023-04-28,GBP,0.860515
2023-04-28,USD,1.130371
2023-05-01,CHF,0.909613
2023-05-01,GBP,0.853140
2023-05-01,USD,1.135871
2023-05-02,CHF,0.912520
2023-05-02,GBP,0.849184
2023-05-02,USD,1.131593
2023-05-03,CHF,0.912800
2023-05-03,GBP,0.850657
2023-05-03,USD,1.136913
2023-05-04,CHF,0.914771
2023-05-04,GBP,0.848995
2023-05-04,USD,1.148486
2023-05-05,CHF,0.917961
2023-05-05,GBP,0.847497
2023-05-05,USD,1.147308
2023-05-08,CHF,0.920015
2023-05-08,GBP,0.847588
2023-05-08,USD,1.154987
2023-05-09,CHF,0.916873
2023-05-09,GBP,0.845111
2023-05-09,USD,1.149712
2023-05-10,CHF,0.916546
2023-05-10,GBP,0.842360
2023-05-10,USD,1.140751
2023-05-11,CHF,0.914917
2023-05-11,GBP,0.847329
2023-05-11,USD,1.138839
2023-05-12,CHF,0.916381
2023-05-12,GBP,0.848033
2023-05-12,USD,1.140641
2023-05-15,CHF,0.915303
2023-05-15,GBP,0.848292
2023-05-15,USD,1.137822
2023-05-16,CHF,0.916598
2023-05-16,GBP,0.848896
2023-05-16,USD,1.138099
2023-05-17,CHF,0.915385
2023-05-17,GBP,0.845468
2023-05-17,USD,1.137040
2023-05-18,CHF,0.919734
2023-05-18,GBP,0.847825
2023-05-18,USD,1.145464
2023-05-19,CHF,0.920067
2023-05-19,GBP,0.846735
2023-05-19,USD,1.138523
2023-05-22,CHF,0.923349
2023-05-22,GBP,0.842113
2023-05-22,USD,1.143796
2023-05-23,CHF,0.922915
2023-05-23,GBP,0.837439
2023-05-23,USD,1.143635
2023-05-24,CHF,0.924153
2023-05-24,GBP,0.836914
2023-05-24,USD,1.147292
2023-05-25,CHF,0.922501
2023-05-25,GBP,0.836084
2023-05-25,USD,1.148385
2023-05-26,CHF,0.921687
2023-05-26,GBP,0.835635
2023-05-26,USD,1.148074
2023-05-29,CHF,0.924722
2023-05-29,GBP,0.839234
2023-05-29,USD,1.148870
2023-05-30,CHF,0.922462
2023-05-30,GBP,0.838626
2023-05-30,USD,1.160079
2023-05-31,CHF,0.921651
2023-05-31,GBP,0.840269
2023-05-31,USD,1.165011
2023-06-01,CHF,0.919186
2023-06-01,GBP,0.836605
2023-06-01,USD,1.173786
2023-06-02,CHF,0.919104
2023-06-02,GBP,0.840487
2023-06-02,USD,1.175899
2023-06-05,CHF,0.919158
2023-06-05,GBP,0.844333
2023-06-05,USD,1.178926
2023-06-06,CHF,0.916429
2023-06-06,GBP,0.836771
2023-06-06,USD,1.171394
2023-06-07,CHF,0.915383
2023-06-07,GBP,0.841048
2023-06-07,USD,1.171113
2023-06-08,CHF,0.916731
2023-06-08,GBP,0.842951
2023-06-08,USD,1.179348
2023-06-09,CHF,0.918852
2023-06-09,GBP,0.842396
2023-06-09,USD,1.170235
2023-06-12,CHF,0.919867
2023-06-12,GBP,0.843569
2023-06-12,USD,1.172969
2023-06-13,CHF,0.919601
2023-06-13,GBP,0.843587
2023-06-13,USD,1.173645
2023-06-14,CHF,0.919424
2023-06-14,GBP,0.840123
2023-06-14,USD,1.179091
2023-06-15,CHF,0.916842
2023-06-15,GBP,0.844201
2023-06-15,USD,1.168975
2023-06-16,CHF,0.914839
2023-06-16,GBP,0.844452
2023-06-16,USD,1.166899
2023-06-19,CHF,0.910288
2023-06-19,GBP,0.847209
2023-06-19,USD,1.161269
2023-06-20,CHF,0.907350
2023-06-20,GBP,0.852894
2023-06-20,USD,1.169228
2023-06-21,CHF,0.907930
2023-06-21,GBP,0.851263
2023-06-21,USD,1.164241
2023-06-22,CHF,0.910795
2023-06-22,GBP,0.852493
2023-06-22,USD,1.158205
2023-06-23,CHF,0.913257
2023-06-23,GBP,0.855492
2023-06-23,USD,1.159069
2023-06-26,CHF,0.914587
2023-06-26,GBP,0.852901
2023-06-26,USD,1.152711
2023-06-27,CHF,0.911068
2023-06-27,GBP,0.854591
2023-06-27,USD,1.148627
2023-06-28,CHF,0.913532
2023-06-28,GBP,0.855650
2023-06-28,USD,1.144364
2023-06-29,CHF,0.914766
2023-06-29,GBP,0.855594
2023-06-29,USD,1.152320
2023-06-30,CHF,0.913758
2023-06-30,GBP,0.851551
2023-06-30,USD,1.149023
2023-07-03,CHF,0.915910
2023-07-03,GBP,0.848963
2023-07-03,USD,1.150816
2023-07-04,CHF,0.917453
2023-07-04,GBP,0.850991
2023-07-04,USD,1.151866
2023-07-05,CHF,0.921543
2023-07-05,GBP,0.849091
2023-07-05,USD,1.153685
2023-07-06,CHF,0.921612
2023-07-06,GBP,0.846955
2023-07-06,USD,1.160871
2023-07-07,CHF,0.919529
2023-07-07,GBP,0.844498
2023-07-07,USD,1.159423
2023-07-10,CHF,0.917697
2023-07-10,GBP,0.846630
2023-07-10,USD,1.154055
2023-07-11,CHF,0.918085
2023-07-11,GBP,0.844053
2023-07-11,USD,1.155435
2023-07-12,CHF,0.917701
2023-07-12,GBP,0.844912
2023-07-12,USD,1.161869
2023-07-13,CHF,0.919032
2023-07-13,GBP,0.845118
2023-07-13,USD,1.161055
2023-07-14,CHF,0.918400
2023-07-14,GBP,0.851338
2023-07-14,USD,1.159410
2023-07-17,CHF,0.918863
2023-07-17,GBP,0.846905
2023-07-17,USD,1.164979
2023-07-18,CHF,0.922245
2023-07-18,GBP,0.844268
2023-07-18,USD,1.172247
2023-07-19,CHF,0.920365
2023-07-19,GBP,0.845240
2023-07-19,USD,1.173327
2023-07-20,CHF,0.918741
2023-07-20,GBP,0.846665
2023-07-20,USD,1.165381
2023-07-21,CHF,0.917430
2023-07-21,GBP,0.845808
2023-07-21,USD,1.162195
2023-07-24,CHF,0.918457
2023-07-24,GBP,0.843125
2023-07-24,USD,1.167870
2023-07-25,CHF,0.922801
2023-07-25,GBP,0.841090
2023-07-25,USD,1.162810
2023-07-26,CHF,0.921176
2023-07-26,GBP,0.845090
2023-07-26,USD,1.169094
2023-07-27,CHF,0.922469
2023-07-27,GBP,0.847123
2023-07-27,USD,1.161246
2023-07-28,CHF,0.918464
2023-07-28,GBP,0.847936
2023-07-28,USD,1.161995
2023-07-31,CHF,0.917540
2023-07-31,GBP,0.853855
2023-07-31,USD,1.157065
2023-08-01,CHF,0.919449
2023-08-01,GBP,0.853093
2023-08-01,USD,1.152124
2023-08-02,CHF,0.919013
2023-08-02,GBP,0.858706
2023-08-02,USD,1.152223
2023-08-03,CHF,0.919933
2023-08-03,GBP,0.856046
2023-08-03,USD,1.155723
2023-08-04,CHF,0.920793
2023-08-04,GBP,0.861158
2023-08-04,USD,1.151689
2023-08-07,CHF,0.923049
2023-08-07,GBP,0.858083
2023-08-07,USD,1.154072
2023-08-08,CHF,0.922740
2023-08-08,GBP,0.854934
2023-08-08,USD,1.157573
2023-08-09,CHF,0.919407
2023-08-09,GBP,0.852678
2023-08-09,USD,1.161928
2023-08-10,CHF,0.919783
2023-08-10,GBP,0.852388
2023-08-10,USD,1.174993
2023-08-11,CHF,0.918882
2023-08-11,GBP,0.850698
2023-08-11,USD,1.168510
2023-08-14,CHF,0.918882
2023-08-14,GBP,0.852423
2023-08-14,USD,1.174105
2023-08-15,CHF,0.919528
2023-08-15,GBP,0.850126
2023-08-15,USD,1.177205
2023-08-16,CHF,0.917931
2023-08-16,GBP,0.852832
2023-08-16,USD,1.179989
2023-08-17,CHF,0.918034
2023-08-17,GBP,0.853698
2023-08-17,USD,1.185313
2023-08-18,CHF,0.916569
2023-08-18,GBP,0.851206
2023-08-18,USD,1.187418
2023-08-21,CHF,0.916058
2023-08-21,GBP,0.849128
2023-08-21,USD,1.189771
2023-08-22,CHF,0.913279
2023-08-22,GBP,0.845111
2023-08-22,USD,1.192539
2023-08-23,CHF,0.915405
2023-08-23,GBP,0.842982
2023-08-23,USD,1.190349
2023-08-24,CHF,0.916045
2023-08-24,GBP,0.847712
2023-08-24,USD,1.186311
2023-08-25,CHF,0.915212
2023-08-25,GBP,0.845121
2023-08-25,USD,1.187426
2023-08-28,CHF,0.915258
2023-08-28,GBP,0.846324
2023-08-28,USD,1.192084
2023-08-29,CHF,0.914156
2023-08-29,GBP,0.844643
2023-08-29,USD,1.187607
2023-08-30,CHF,0.916455
2023-08-30,GBP,0.844675
2023-08-30,USD,1.183869
2023-08-31,CHF,0.916633
2023-08-31,GBP,0.840363
2023-08-31,USD,1.182568
2023-09-01,CHF,0.915163
2023-09-01,GBP,0.833323
2023-09-01,USD,1.193181
2023-09-04,CHF,0.915757
2023-09-04,GBP,0.832828
2023-09-04,USD,1.189224
2023-09-05,CHF,0.913484
2023-09-05,GBP,0.831428
2023-09-05,USD,1.184458
2023-09-06,CHF,0.914594
2023-09-06,GBP,0.829400
2023-09-06,USD,1.188434
2023-09-07,CHF,0.912983
2023-09-07,GBP,0.822130
2023-09-07,USD,1.188435
2023-09-08,CHF,0.910109
2023-09-08,GBP,0.823157
2023-09-08,USD,1.189002
2023-09-11,CHF,0.905097
2023-09-11,GBP,0.825984
2023-09-11,USD,1.193466
2023-09-12,CHF,0.903268
2023-09-12,GBP,0.828471
2023-09-12,USD,1.195566
2023-09-13,CHF,0.904029
2023-09-13,GBP,0.825437
2023-09-13,USD,1.193094
2023-09-14,CHF,0.901894
2023-09-14,GBP,0.826722
2023-09-14,USD,1.194937
2023-09-15,CHF,0.901104
2023-09-15,GBP,0.831765
2023-09-15,USD,1.200331
2023-09-18,CHF,0.897790
2023-09-18,GBP,0.831976
2023-09-18,USD,1.201463
2023-09-19,CHF,0.899542
2023-09-19,GBP,0.835605
2023-09-19,USD,1.204002
2023-09-20,CHF,0.900443
2023-09-20,GBP,0.838032
2023-09-20,USD,1.208316
2023-09-21,CHF,0.902762
2023-09-21,GBP,0.836202
2023-09-21,USD,1.209687
2023-09-22,CHF,0.901254
2023-09-22,GBP,0.833233
2023-09-22,USD,1.202992
2023-09-25,CHF,0.901274
2023-09-25,GBP,0.832411
2023-09-25,USD,1.201047
2023-09-26,CHF,0.902098
2023-09-26,GBP,0.827455
2023-09-26,USD,1.196783
2023-09-27,CHF,0.904622
2023-09-27,GBP,0.834625
2023-09-27,USD,1.191885
2023-09-28,CHF,0.906271
2023-09-28,GBP,0.833338
2023-09-28,USD,1.194193
2023-09-29,CHF,0.904369
2023-09-29,GBP,0.835082
2023-09-29,USD,1.203061
2023-10-02,CHF,0.908341
2023-10-02,GBP,0.836328
2023-10-02,USD,1.213998
2023-10-03,CHF,0.912033
2023-10-03,GBP,0.834326
2023-10-03,USD,1.217428
2023-10-04,CHF,0.911820
2023-10-04,GBP,0.835618
2023-10-04,USD,1.218070
2023-10-05,CHF,0.909854
2023-10-05,GBP,0.837714
2023-10-05,USD,1.210200
2023-10-06,CHF,0.909946
2023-10-06,GBP,0.835845
2023-10-06,USD,1.215926
2023-10-09,CHF,0.910837
2023-10-09,GBP,0.835038
2023-10-09,USD,1.217823
2023-10-10,CHF,0.912427
2023-10-10,GBP,0.828344
2023-10-10,USD,1.218080
2023-10-11,CHF,0.911321
2023-10-11,GBP,0.826235
2023-10-11,USD,1.221945
2023-10-12,CHF,0.909048
2023-10-12,GBP,0.822020
2023-10-12,USD,1.229380
2023-10-13,CHF,0.909026
2023-10-13,GBP,0.821236
2023-10-13,USD,1.228495
2023-10-16,CHF,0.909390
2023-10-16,GBP,0.817160
2023-10-16,USD,1.236753
2023-10-17,CHF,0.907569
2023-10-17,GBP,0.821681
2023-10-17,USD,1.238886
2023-10-18,CHF,0.907391
2023-10-18,GBP,0.822963
2023-10-18,USD,1.238106
2023-10-19,CHF,0.906410
2023-10-19,GBP,0.821092
2023-10-19,USD,1.246845
2023-10-20,CHF,0.907941
2023-10-20,GBP,0.818927
2023-10-20,USD,1.261025
2023-10-23,CHF,0.909305
2023-10-23,GBP,0.818368
2023-10-23,USD,1.258986
2023-10-24,CHF,0.908451
2023-10-24,GBP,0.819428
2023-10-24,USD,1.254528
2023-10-25,CHF,0.904253
2023-10-25,GBP,0.817578
2023-10-25,USD,1.246567
2023-10-26,CHF,0.908355
2023-10-26,GBP,0.813433
2023-10-26,USD,1.256368
2023-10-27,CHF,0.907777
2023-10-27,GBP,0.812708
2023-10-27,USD,1.250775
2023-10-30,CHF,0.909607
2023-10-30,GBP,0.815993
2023-10-30,USD,1.253341
2023-10-31,CHF,0.910919
2023-10-31,GBP,0.818828
2023-10-31,USD,1.255258
2023-11-01,CHF,0.911140
2023-11-01,GBP,0.820998
2023-11-01,USD,1.261446
2023-11-02,CHF,0.909425
2023-11-02,GBP,0.819703
2023-11-02,USD,1.262910
2023-11-03,CHF,0.908283
2023-11-03,GBP,0.822386
2023-11-03,USD,1.256222
2023-11-06,CHF,0.909603
2023-11-06,GBP,0.821667
2023-11-06,USD,1.252673
2023-11-07,CHF,0.908174
2023-11-07,GBP,0.825467
2023-11-07,USD,1.255737
2023-11-08,CHF,0.906555
2023-11-08,GBP,0.823965
2023-11-08,USD,1.256567
2023-11-09,CHF,0.906113
2023-11-09,GBP,0.823692
2023-11-09,USD,1.247887
2023-11-10,CHF,0.907895
2023-11-10,GBP,0.824003
2023-11-10,USD,1.248390
2023-11-13,CHF,0.907880
2023-11-13,GBP,0.825756
2023-11-13,USD,1.247628
2023-11-14,CHF,0.905972
2023-11-14,GBP,0.824792
2023-11-14,USD,1.231855
2023-11-15,CHF,0.903099
2023-11-15,GBP,0.822079
2023-11-15,USD,1.238547
2023-11-16,CHF,0.903497
2023-11-16,GBP,0.817148
2023-11-16,USD,1.247030
2023-11-17,CHF,0.908366
2023-11-17,GBP,0.819070
2023-11-17,USD,1.249170
2023-11-20,CHF,0.909648
2023-11-20,GBP,0.818639
2023-11-20,USD,1.245357
2023-11-21,CHF,0.911711
2023-11-21,GBP,0.818459
2023-11-21,USD,1.247090
2023-11-22,CHF,0.913803
2023-11-22,GBP,0.824131
2023-11-22,USD,1.241710
2023-11-23,CHF,0.912594
2023-11-23,GBP,0.829877
2023-11-23,USD,1.251345
2023-11-24,CHF,0.913408
2023-11-24,GBP,0.830267
2023-11-24,USD,1.255939
2023-11-27,CHF,0.913191
2023-11-27,GBP,0.828479
2023-11-27,USD,1.251463
2023-11-28,CHF,0.909664
2023-11-28,GBP,0.825951
2023-11-28,USD,1.257984
2023-11-29,CHF,0.905512
2023-11-29,GBP,0.823640
2023-11-29,USD,1.266791
2023-11-30,CHF,0.905504
2023-11-30,GBP,0.825768
2023-11-30,USD,1.271736
2023-12-01,CHF,0.905530
2023-12-01,GBP,0.826621
2023-12-01,USD,1.273188
2023-12-04,CHF,0.906993
2023-12-04,GBP,0.822789
2023-12-04,USD,1.286011
2023-12-05,CHF,0.909238
2023-12-05,GBP,0.828249
2023-12-05,USD,1.288070
2023-12-06,CHF,0.911367
2023-12-06,GBP,0.833309
2023-12-06,USD,1.290533
2023-12-07,CHF,0.911742
2023-12-07,GBP,0.837296
2023-12-07,USD,1.299178
2023-12-08,CHF,0.912384
2023-12-08,GBP,0.838114
2023-12-08,USD,1.300524
2023-12-11,CHF,0.912227
2023-12-11,GBP,0.836089
2023-12-11,USD,1.301463
2023-12-12,CHF,0.910211
2023-12-12,GBP,0.838543
2023-12-12,USD,1.312813
2023-12-13,CHF,0.907980
2023-12-13,GBP,0.841003
2023-12-13,USD,1.309011
2023-12-14,CHF,0.906809
2023-12-14,GBP,0.838369
2023-12-14,USD,1.311981
2023-12-15,CHF,0.904375
2023-12-15,GBP,0.841701
2023-12-15,USD,1.313711
2023-12-18,CHF,0.899743
2023-12-18,GBP,0.841955
2023-12-18,USD,1.325930
2023-12-19,CHF,0.901729
2023-12-19,GBP,0.842726
2023-12-19,USD,1.322973
2023-12-20,CHF,0.903296
2023-12-20,GBP,0.841375
2023-12-20,USD,1.325951
2023-12-21,CHF,0.902223
2023-12-21,GBP,0.839075
2023-12-21,USD,1.320782
2023-12-22,CHF,0.902604
2023-12-22,GBP,0.838068
2023-12-22,USD,1.317653
2023-12-25,CHF,0.901834
2023-12-25,GBP,0.838759
2023-12-25,USD,1.326511
2023-12-26,CHF,0.906484
2023-12-26,GBP,0.838692
2023-12-26,USD,1.335696
2023-12-27,CHF,0.906051
2023-12-27,GBP,0.842636
2023-12-27,USD,1.334839
2023-12-28,CHF,0.907396
2023-12-28,GBP,0.847322
2023-12-28,USD,1.338325
2023-12-29,CHF,0.904829
2023-12-29,GBP,0.847786
2023-12-29,USD,1.335602
2024-01-01,CHF,0.904455
2024-01-01,GBP,0.846397
2024-01-01,USD,1.332800
2024-01-02,CHF,0.905179
2024-01-02,GBP,0.846269
2024-01-02,USD,1.340014
2024-01-03,CHF,0.901114
2024-01-03,GBP,0.844838
2024-01-03,USD,1.341636
2024-01-04,CHF,0.903052
2024-01-04,GBP,0.847722
2024-01-04,USD,1.337663
2024-01-05,CHF,0.902213
2024-01-05,GBP,0.844215
2024-01-05,USD,1.330410
2024-01-08,CHF,0.906932
2024-01-08,GBP,0.847020
2024-01-08,USD,1.331544
2024-01-09,CHF,0.911654
2024-01-09,GBP,0.845429
2024-01-09,USD,1.335567
2024-01-10,CHF,0.910661
2024-01-10,GBP,0.842290
2024-01-10,USD,1.339828
2024-01-11,CHF,0.909388
2024-01-11,GBP,0.844291
2024-01-11,USD,1.338102
2024-01-12,CHF,0.911939
2024-01-12,GBP,0.842430
2024-01-12,USD,1.349648
2024-01-15,CHF,0.910858
2024-01-15,GBP,0.844047
2024-01-15,USD,1.349055
2024-01-16,CHF,0.909999
2024-01-16,GBP,0.839180
2024-01-16,USD,1.351554
2024-01-17,CHF,0.910028
2024-01-17,GBP,0.841990
2024-01-17,USD,1.348927
2024-01-18,CHF,0.913217
2024-01-18,GBP,0.839650
2024-01-18,USD,1.344330
2024-01-19,CHF,0.912837
2024-01-19,GBP,0.844834
2024-01-19,USD,1.337218
2024-01-22,CHF,0.913596
2024-01-22,GBP,0.848708
2024-01-22,USD,1.336561
2024-01-23,CHF,0.918099
2024-01-23,GBP,0.849369
2024-01-23,USD,1.331971
2024-01-24,CHF,0.919395
2024-01-24,GBP,0.846732
2024-01-24,USD,1.329693
2024-01-25,CHF,0.920819
2024-01-25,GBP,0.848797
2024-01-25,USD,1.322364
2024-01-26,CHF,0.918394
2024-01-26,GBP,0.847216
2024-01-26,USD,1.328398
2024-01-29,CHF,0.917070
2024-01-29,GBP,0.845863
2024-01-29,USD,1.328171
2024-01-30,CHF,0.917671
2024-01-30,GBP,0.855310
2024-01-30,USD,1.314960
2024-01-31,CHF,0.917514
2024-01-31,GBP,0.859282
2024-01-31,USD,1.316954
2024-02-01,CHF,0.915789
2024-02-01,GBP,0.855625
2024-02-01,USD,1.309948
2024-02-02,CHF,0.917856
2024-02-02,GBP,0.856282
2024-02-02,USD,1.316483
2024-02-05,CHF,0.917316
2024-02-05,GBP,0.858235
2024-02-05,USD,1.325416
2024-02-06,CHF,0.916281
2024-02-06,GBP,0.863411
2024-02-06,USD,1.325937
2024-02-07,CHF,0.916051
2024-02-07,GBP,0.867207
2024-02-07,USD,1.315636
2024-02-08,CHF,0.918215
2024-02-08,GBP,0.859775
2024-02-08,USD,1.326864
2024-02-09,CHF,0.920575
2024-02-09,GBP,0.861970
2024-02-09,USD,1.323157
2024-02-12,CHF,0.919373
2024-02-12,GBP,0.861429
2024-02-12,USD,1.319194
2024-02-13,CHF,0.920242
2024-02-13,GBP,0.863505
2024-02-13,USD,1.325205
2024-02-14,CHF,0.920540
2024-02-14,GBP,0.865125
2024-02-14,USD,1.314187
2024-02-15,CHF,0.921806
2024-02-15,GBP,0.862912
2024-02-15,USD,1.317396
2024-02-16,CHF,0.924704
2024-02-16,GBP,0.863469
2024-02-16,USD,1.310728
2024-02-19,CHF,0.922379
2024-02-19,GBP,0.861778
2024-02-19,USD,1.311398
2024-02-20,CHF,0.921407
2024-02-20,GBP,0.863953
2024-02-20,USD,1.317745
2024-02-21,CHF,0.922787
2024-02-21,GBP,0.868674
2024-02-21,USD,1.314376
2024-02-22,CHF,0.920322
2024-02-22,GBP,0.867843
2024-02-22,USD,1.306946
2024-02-23,CHF,0.923708
2024-02-23,GBP,0.871391
2024-02-23,USD,1.305892
2024-02-26,CHF,0.923361
2024-02-26,GBP,0.873986
2024-02-26,USD,1.305802
2024-02-27,CHF,0.919728
2024-02-27,GBP,0.874162
2024-02-27,USD,1.303065
2024-02-28,CHF,0.921658
2024-02-28,GBP,0.869515
2024-02-28,USD,1.302842
2024-02-29,CHF,0.924812
2024-02-29,GBP,0.871260
2024-02-29,USD,1.298753
2024-03-01,CHF,0.922416
2024-03-01,GBP,0.867205
2024-03-01,USD,1.299070
2024-03-04,CHF,0.920661
2024-03-04,GBP,0.867686
2024-03-04,USD,1.299885
2024-03-05,CHF,0.919433
2024-03-05,GBP,0.862627
2024-03-05,USD,1.289976
2024-03-06,CHF,0.917642
2024-03-06,GBP,0.863137
2024-03-06,USD,1.292310
2024-03-07,CHF,0.919882
2024-03-07,GBP,0.859079
2024-03-07,USD,1.298548
2024-03-08,CHF,0.920257
2024-03-08,GBP,0.855850
2024-03-08,USD,1.293225
2024-03-11,CHF,0.918855
2024-03-11,GBP,0.858221
2024-03-11,USD,1.293248
2024-03-12,CHF,0.918116
2024-03-12,GBP,0.858257
2024-03-12,USD,1.295536
2024-03-13,CHF,0.915931
2024-03-13,GBP,0.857594
2024-03-13,USD,1.290784
2024-03-14,CHF,0.919238
2024-03-14,GBP,0.860133
2024-03-14,USD,1.287988
2024-03-15,CHF,0.917987
2024-03-15,GBP,0.862334
2024-03-15,USD,1.279696
2024-03-18,CHF,0.917633
2024-03-18,GBP,0.860711
2024-03-18,USD,1.283859
2024-03-19,CHF,0.917301
2024-03-19,GBP,0.858460
2024-03-19,USD,1.287670
2024-03-20,CHF,0.915430
2024-03-20,GBP,0.860223
2024-03-20,USD,1.285491
2024-03-21,CHF,0.914509
2024-03-21,GBP,0.863639
2024-03-21,USD,1.282366
2024-03-22,CHF,0.915653
2024-03-22,GBP,0.860404
2024-03-22,USD,1.286769
2024-03-25,CHF,0.914781
2024-03-25,GBP,0.861211
2024-03-25,USD,1.284592
2024-03-26,CHF,0.912999
2024-03-26,GBP,0.863445
2024-03-26,USD,1.286880
2024-03-27,CHF,0.914420
2024-03-27,GBP,0.859955
2024-03-27,USD,1.280543
2024-03-28,CHF,0.913769
2024-03-28,GBP,0.858818
2024-03-28,USD,1.278018
2024-03-29,CHF,0.915128
2024-03-29,GBP,0.864128
2024-03-29,USD,1.265542
2024-04-01,CHF,0.913508
2024-04-01,GBP,0.865867
2024-04-01,USD,1.261998
2024-04-02,CHF,0.912559
2024-04-02,GBP,0.866844
2024-04-02,USD,1.254074
2024-04-03,CHF,0.913834
2024-04-03,GBP,0.870812
2024-04-03,USD,1.257438
2024-04-04,CHF,0.914519
2024-04-04,GBP,0.871285
2024-04-04,USD,1.248145
2024-04-05,CHF,0.913100
2024-04-05,GBP,0.867578
2024-04-05,USD,1.250457
2024-04-08,CHF,0.911384
2024-04-08,GBP,0.865739
2024-04-08,USD,1.247610
2024-04-09,CHF,0.916121
2024-04-09,GBP,0.862834
2024-04-09,USD,1.244884
2024-04-10,CHF,0.916329
2024-04-10,GBP,0.866194
2024-04-10,USD,1.247331
2024-04-11,CHF,0.915713
2024-04-11,GBP,0.863869
2024-04-11,USD,1.255176
2024-04-12,CHF,0.915592
2024-04-12,GBP,0.863848
2024-04-12,USD,1.258076
2024-04-15,CHF,0.913435
2024-04-15,GBP,0.860647
2024-04-15,USD,1.263143
2024-04-16,CHF,0.912672
2024-04-16,GBP,0.861480
2024-04-16,USD,1.264027
2024-04-17,CHF,0.912122
2024-04-17,GBP,0.863653
2024-04-17,USD,1.258454
2024-04-18,CHF,0.914695
2024-04-18,GBP,0.863414
2024-04-18,USD,1.260311
2024-04-19,CHF,0.913415
2024-04-19,GBP,0.860149
2024-04-19,USD,1.254569
2024-04-22,CHF,0.912226
2024-04-22,GBP,0.857267
2024-04-22,USD,1.255715
2024-04-23,CHF,0.915288
2024-04-23,GBP,0.856414
2024-04-23,USD,1.258723
2024-04-24,CHF,0.913824
2024-04-24,GBP,0.855183
2024-04-24,USD,1.259261
2024-04-25,CHF,0.910518
2024-04-25,GBP,0.856500
2024-04-25,USD,1.261912
2024-04-26,CHF,0.909718
2024-04-26,GBP,0.860347
2024-04-26,USD,1.254193
2024-04-29,CHF,0.909254
2024-04-29,GBP,0.854691
2024-04-29,USD,1.251267
2024-04-30,CHF,0.910276
2024-04-30,GBP,0.854019
2024-04-30,USD,1.246827
2024-05-01,CHF,0.910297
2024-05-01,GBP,0.848866
2024-05-01,USD,1.253541
2024-05-02,CHF,0.909679
2024-05-02,GBP,0.852165
2024-05-02,USD,1.257081
2024-05-03,CHF,0.914588
2024-05-03,GBP,0.852142
2024-05-03,USD,1.259707
2024-05-06,CHF,0.916256
2024-05-06,GBP,0.847288
2024-05-06,USD,1.265711
2024-05-07,CHF,0.919543
2024-05-07,GBP,0.847964
2024-05-07,USD,1.259702
2024-05-08,CHF,0.920128
2024-05-08,GBP,0.849827
2024-05-08,USD,1.266568
2024-05-09,CHF,0.919303
2024-05-09,GBP,0.847877
2024-05-09,USD,1.265872
2024-05-10,CHF,0.921422
2024-05-10,GBP,0.845271
2024-05-10,USD,1.258812
2024-05-13,CHF,0.922277
2024-05-13,GBP,0.845056
2024-05-13,USD,1.254115
2024-05-14,CHF,0.917955
2024-05-14,GBP,0.841154
2024-05-14,USD,1.259929
2024-05-15,CHF,0.920062
2024-05-15,GBP,0.840693
2024-05-15,USD,1.258076
2024-05-16,CHF,0.919506
2024-05-16,GBP,0.841869
2024-05-16,USD,1.257630
2024-05-17,CHF,0.920080
2024-05-17,GBP,0.843454
2024-05-17,USD,1.250605
2024-05-20,CHF,0.921103
2024-05-20,GBP,0.842242
2024-05-20,USD,1.251148
2024-05-21,CHF,0.923501
2024-05-21,GBP,0.841038
2024-05-21,USD,1.257349
2024-05-22,CHF,0.921292
2024-05-22,GBP,0.840842
2024-05-22,USD,1.253948
2024-05-23,CHF,0.922374
2024-05-23,GBP,0.836518
2024-05-23,USD,1.258223
2024-05-24,CHF,0.923707
2024-05-24,GBP,0.830476
2024-05-24,USD,1.261273
2024-05-27,CHF,0.925131
2024-05-27,GBP,0.830076
2024-05-27,USD,1.252540
2024-05-28,CHF,0.924910
2024-05-28,GBP,0.828814
2024-05-28,USD,1.247052
2024-05-29,CHF,0.922196
2024-05-29,GBP,0.830019
2024-05-29,USD,1.247923
2024-05-30,CHF,0.921956
2024-05-30,GBP,0.830753
2024-05-30,USD,1.249834
2024-05-31,CHF,0.920605
2024-05-31,GBP,0.836172
2024-05-31,USD,1.248970
2024-06-03,CHF,0.920483
2024-06-03,GBP,0.836176
2024-06-03,USD,1.245460
2024-06-04,CHF,0.920678
2024-06-04,GBP,0.834779
2024-06-04,USD,1.248884
2024-06-05,CHF,0.919877
2024-06-05,GBP,0.837278
2024-06-05,USD,1.255097
2024-06-06,CHF,0.921138
2024-06-06,GBP,0.835680
2024-06-06,USD,1.249021
2024-06-07,CHF,0.923307
2024-06-07,GBP,0.831483
2024-06-07,USD,1.246288
2024-06-10,CHF,0.925187
2024-06-10,GBP,0.830666
2024-06-10,USD,1.253062
2024-06-11,CHF,0.924909
2024-06-11,GBP,0.829257
2024-06-11,USD,1.263197
2024-06-12,CHF,0.922179
2024-06-12,GBP,0.829127
2024-06-12,USD,1.266814
2024-06-13,CHF,0.921734
2024-06-13,GBP,0.831821
2024-06-13,USD,1.265340
2024-06-14,CHF,0.925129
2024-06-14,GBP,0.832340
2024-06-14,USD,1.266472
2024-06-17,CHF,0.927287
2024-06-17,GBP,0.830177
2024-06-17,USD,1.269205
2024-06-18,CHF,0.928973
2024-06-18,GBP,0.826808
2024-06-18,USD,1.269155
2024-06-19,CHF,0.930635
2024-06-19,GBP,0.829399
2024-06-19,USD,1.271150
2024-06-20,CHF,0.934807
2024-06-20,GBP,0.829753
2024-06-20,USD,1.269879
2024-06-21,CHF,0.932153
2024-06-21,GBP,0.830006
2024-06-21,USD,1.276238
2024-06-24,CHF,0.931274
2024-06-24,GBP,0.825683
2024-06-24,USD,1.275056
2024-06-25,CHF,0.933106
2024-06-25,GBP,0.831839
2024-06-25,USD,1.277148
2024-06-26,CHF,0.934407
2024-06-26,GBP,0.836431
2024-06-26,USD,1.293361
2024-06-27,CHF,0.932733
2024-06-27,GBP,0.835710
2024-06-27,USD,1.283139
2024-06-28,CHF,0.930962
2024-06-28,GBP,0.838771
2024-06-28,USD,1.291242
2024-07-01,CHF,0.929915
2024-07-01,GBP,0.841369
2024-07-01,USD,1.293011
2024-07-02,CHF,0.933545
2024-07-02,GBP,0.841682
2024-07-02,USD,1.290464
2024-07-03,CHF,0.936597
2024-07-03,GBP,0.840185
2024-07-03,USD,1.283375
2024-07-04,CHF,0.939305
2024-07-04,GBP,0.842994
2024-07-04,USD,1.286048
2024-07-05,CHF,0.940446
2024-07-05,GBP,0.842445
2024-07-05,USD,1.291402
2024-07-08,CHF,0.940797
2024-07-08,GBP,0.841256
2024-07-08,USD,1.300246
2024-07-09,CHF,0.940709
2024-07-09,GBP,0.843539
2024-07-09,USD,1.304689
2024-07-10,CHF,0.941111
2024-07-10,GBP,0.849216
2024-07-10,USD,1.302876
2024-07-11,CHF,0.943756
2024-07-11,GBP,0.854171
2024-07-11,USD,1.308543
2024-07-12,CHF,0.941125
2024-07-12,GBP,0.857074
2024-07-12,USD,1.308874
2024-07-15,CHF,0.943352
2024-07-15,GBP,0.854270
2024-07-15,USD,1.309325
2024-07-16,CHF,0.943199
2024-07-16,GBP,0.861901
2024-07-16,USD,1.312822
2024-07-17,CHF,0.944945
2024-07-17,GBP,0.862024
2024-07-17,USD,1.312287
2024-07-18,CHF,0.945528
2024-07-18,GBP,0.861877
2024-07-18,USD,1.319659
2024-07-19,CHF,0.943792
2024-07-19,GBP,0.860552
2024-07-19,USD,1.315143
2024-07-22,CHF,0.942657
2024-07-22,GBP,0.854877
2024-07-22,USD,1.316481
2024-07-23,CHF,0.945079
2024-07-23,GBP,0.855401
2024-07-23,USD,1.314869
2024-07-24,CHF,0.943665
2024-07-24,GBP,0.851875
2024-07-24,USD,1.318264
2024-07-25,CHF,0.946106
2024-07-25,GBP,0.848756
2024-07-25,USD,1.318933
2024-07-26,CHF,0.946670
2024-07-26,GBP,0.849743
2024-07-26,USD,1.324586
2024-07-29,CHF,0.948044
2024-07-29,GBP,0.854676
2024-07-29,USD,1.322367
2024-07-30,CHF,0.949663
2024-07-30,GBP,0.858130
2024-07-30,USD,1.320620
2024-07-31,CHF,0.946346
2024-07-31,GBP,0.861640
2024-07-31,USD,1.318744
2024-08-01,CHF,0.946715
2024-08-01,GBP,0.858908
2024-08-01,USD,1.325739
2024-08-02,CHF,0.942484
2024-08-02,GBP,0.856444
2024-08-02,USD,1.324573
2024-08-05,CHF,0.939903
2024-08-05,GBP,0.855181
2024-08-05,USD,1.337972
2024-08-06,CHF,0.942577
2024-08-06,GBP,0.852542
2024-08-06,USD,1.342787
2024-08-07,CHF,0.940545
2024-08-07,GBP,0.850164
2024-08-07,USD,1.337439
2024-08-08,CHF,0.944103
2024-08-08,GBP,0.851106
2024-08-08,USD,1.338604
2024-08-09,CHF,0.946769
2024-08-09,GBP,0.852679
2024-08-09,USD,1.329189
2024-08-12,CHF,0.946984
2024-08-12,GBP,0.851063
2024-08-12,USD,1.334677
2024-08-13,CHF,0.945829
2024-08-13,GBP,0.848523
2024-08-13,USD,1.343861
2024-08-14,CHF,0.946425
2024-08-14,GBP,0.846282
2024-08-14,USD,1.327140
2024-08-15,CHF,0.948645
2024-08-15,GBP,0.849190
2024-08-15,USD,1.321086
2024-08-16,CHF,0.950200
2024-08-16,GBP,0.847203
2024-08-16,USD,1.314321
2024-08-19,CHF,0.951568
2024-08-19,GBP,0.846721
2024-08-19,USD,1.317109
2024-08-20,CHF,0.952689
2024-08-20,GBP,0.845254
2024-08-20,USD,1.326253
2024-08-21,CHF,0.953181
2024-08-21,GBP,0.842941
2024-08-21,USD,1.324842
2024-08-22,CHF,0.954176
2024-08-22,GBP,0.840335
2024-08-22,USD,1.322254
2024-08-23,CHF,0.950292
2024-08-23,GBP,0.844354
2024-08-23,USD,1.328617
2024-08-26,CHF,0.949376
2024-08-26,GBP,0.843624
2024-08-26,USD,1.327437
2024-08-27,CHF,0.945409
2024-08-27,GBP,0.845311
2024-08-27,USD,1.330816
2024-08-28,CHF,0.944716
2024-08-28,GBP,0.851783
2024-08-28,USD,1.323851
2024-08-29,CHF,0.941545
2024-08-29,GBP,0.853985
2024-08-29,USD,1.331176
2024-08-30,CHF,0.938345
2024-08-30,GBP,0.855503
2024-08-30,USD,1.333577
2024-09-02,CHF,0.938106
2024-09-02,GBP,0.853032
2024-09-02,USD,1.338740
2024-09-03,CHF,0.937197
2024-09-03,GBP,0.848950
2024-09-03,USD,1.333197
2024-09-04,CHF,0.937161
2024-09-04,GBP,0.850884
2024-09-04,USD,1.323713
2024-09-05,CHF,0.937228
2024-09-05,GBP,0.850585
2024-09-05,USD,1.318999
2024-09-06,CHF,0.936207
2024-09-06,GBP,0.852698
2024-09-06,USD,1.316279
2024-09-09,CHF,0.940341
2024-09-09,GBP,0.849899
2024-09-09,USD,1.316715
2024-09-10,CHF,0.941545
2024-09-10,GBP,0.853522
2024-09-10,USD,1.319055
2024-09-11,CHF,0.942819
2024-09-11,GBP,0.860798
2024-09-11,USD,1.309221
2024-09-12,CHF,0.945504
2024-09-12,GBP,0.855277
2024-09-12,USD,1.313261
2024-09-13,CHF,0.945941
2024-09-13,GBP,0.853200
2024-09-13,USD,1.311553
2024-09-16,CHF,0.946922
2024-09-16,GBP,0.855367
2024-09-16,USD,1.317381
2024-09-17,CHF,0.948489
2024-09-17,GBP,0.854445
2024-09-17,USD,1.328647
2024-09-18,CHF,0.950071
2024-09-18,GBP,0.853151
2024-09-18,USD,1.330366
2024-09-19,CHF,0.949045
2024-09-19,GBP,0.850720
2024-09-19,USD,1.328822
2024-09-20,CHF,0.948847
2024-09-20,GBP,0.848919
2024-09-20,USD,1.327647
2024-09-23,CHF,0.946727
2024-09-23,GBP,0.849430
2024-09-23,USD,1.331917
2024-09-24,CHF,0.943264
2024-09-24,GBP,0.851692
2024-09-24,USD,1.332053
2024-09-25,CHF,0.943451
2024-09-25,GBP,0.855454
2024-09-25,USD,1.329260
2024-09-26,CHF,0.945400
2024-09-26,GBP,0.855805
2024-09-26,USD,1.341375
2024-09-27,CHF,0.946622
2024-09-27,GBP,0.849687
2024-09-27,USD,1.330137
2024-09-30,CHF,0.946903
2024-09-30,GBP,0.853047
2024-09-30,USD,1.336079
2024-10-01,CHF,0.948481
2024-10-01,GBP,0.848804
2024-10-01,USD,1.340987
2024-10-02,CHF,0.946762
2024-10-02,GBP,0.849434
2024-10-02,USD,1.347598
2024-10-03,CHF,0.947451
2024-10-03,GBP,0.847871
2024-10-03,USD,1.339795
2024-10-04,CHF,0.944737
2024-10-04,GBP,0.848933
2024-10-04,USD,1.342607
2024-10-07,CHF,0.946142
2024-10-07,GBP,0.847212
2024-10-07,USD,1.345199
2024-10-08,CHF,0.947233
2024-10-08,GBP,0.844761
2024-10-08,USD,1.336465
2024-10-09,CHF,0.947688
2024-10-09,GBP,0.845664
2024-10-09,USD,1.330507
2024-10-10,CHF,0.951303
2024-10-10,GBP,0.843264
2024-10-10,USD,1.328413
2024-10-11,CHF,0.949478
2024-10-11,GBP,0.840516
2024-10-11,USD,1.340911
2024-10-14,CHF,0.953539
2024-10-14,GBP,0.838805
2024-10-14,USD,1.339196
2024-10-15,CHF,0.954048
2024-10-15,GBP,0.841361
2024-10-15,USD,1.341105
2024-10-16,CHF,0.953791
2024-10-16,GBP,0.838885
2024-10-16,USD,1.331603
2024-10-17,CHF,0.954327
2024-10-17,GBP,0.840442
2024-10-17,USD,1.338157
2024-10-18,CHF,0.952609
2024-10-18,GBP,0.840573
2024-10-18,USD,1.334867
2024-10-21,CHF,0.950799
2024-10-21,GBP,0.835304
2024-10-21,USD,1.343426
2024-10-22,CHF,0.953839
2024-10-22,GBP,0.830514
2024-10-22,USD,1.337864
2024-10-23,CHF,0.951357
2024-10-23,GBP,0.831412
2024-10-23,USD,1.338715
2024-10-24,CHF,0.952523
2024-10-24,GBP,0.830172
2024-10-24,USD,1.338333
2024-10-25,CHF,0.948585
2024-10-25,GBP,0.832236
2024-10-25,USD,1.334358
2024-10-28,CHF,0.946898
2024-10-28,GBP,0.832747
2024-10-28,USD,1.334977
2024-10-29,CHF,0.948837
2024-10-29,GBP,0.830254
2024-10-29,USD,1.341165
2024-10-30,CHF,0.948159
2024-10-30,GBP,0.820726
2024-10-30,USD,1.325500
2024-10-31,CHF,0.945335
2024-10-31,GBP,0.823320
2024-10-31,USD,1.325982
2024-11-01,CHF,0.945363
2024-11-01,GBP,0.826367
2024-11-01,USD,1.331358
2024-11-04,CHF,0.945009
2024-11-04,GBP,0.828569
2024-11-04,USD,1.327824
2024-11-05,CHF,0.947501
2024-11-05,GBP,0.828725
2024-11-05,USD,1.338827
2024-11-06,CHF,0.949931
2024-11-06,GBP,0.823399
2024-11-06,USD,1.341198
2024-11-07,CHF,0.951521
2024-11-07,GBP,0.818338
2024-11-07,USD,1.332451
2024-11-08,CHF,0.954903
2024-11-08,GBP,0.814412
2024-11-08,USD,1.329809
2024-11-11,CHF,0.954029
2024-11-11,GBP,0.814203
2024-11-11,USD,1.328881
2024-11-12,CHF,0.953736
2024-11-12,GBP,0.812692
2024-11-12,USD,1.320007
2024-11-13,CHF,0.953629
2024-11-13,GBP,0.811322
2024-11-13,USD,1.317337
2024-11-14,CHF,0.951510
2024-11-14,GBP,0.810454
2024-11-14,USD,1.323943
2024-11-15,CHF,0.955382
2024-11-15,GBP,0.810585
2024-11-15,USD,1.319762
2024-11-18,CHF,0.952039
2024-11-18,GBP,0.811125
2024-11-18,USD,1.319219
2024-11-19,CHF,0.951041
2024-11-19,GBP,0.816785
2024-11-19,USD,1.316801
2024-11-20,CHF,0.951105
2024-11-20,GBP,0.811536
2024-11-20,USD,1.309807
2024-11-21,CHF,0.951725
2024-11-21,GBP,0.812420
2024-11-21,USD,1.310494
2024-11-22,CHF,0.951126
2024-11-22,GBP,0.808984
2024-11-22,USD,1.299027
2024-11-25,CHF,0.950292
2024-11-25,GBP,0.808390
2024-11-25,USD,1.306533
2024-11-26,CHF,0.950136
2024-11-26,GBP,0.806121
2024-11-26,USD,1.308217
2024-11-27,CHF,0.952854
2024-11-27,GBP,0.807672
2024-11-27,USD,1.308389
2024-11-28,CHF,0.952185
2024-11-28,GBP,0.809358
2024-11-28,USD,1.309135
2024-11-29,CHF,0.954762
2024-11-29,GBP,0.808999
2024-11-29,USD,1.302656
2024-12-02,CHF,0.954179
2024-12-02,GBP,0.811070
2024-12-02,USD,1.301167
2024-12-03,CHF,0.954213
2024-12-03,GBP,0.808975
2024-12-03,USD,1.314781
2024-12-04,CHF,0.952002
2024-12-04,GBP,0.804896
2024-12-04,USD,1.319737
2024-12-05,CHF,0.952265
2024-12-05,GBP,0.806959
2024-12-05,USD,1.314713
2024-12-06,CHF,0.954539
2024-12-06,GBP,0.813099
2024-12-06,USD,1.331289
2024-12-09,CHF,0.954884
2024-12-09,GBP,0.808489
2024-12-09,USD,1.328569
2024-12-10,CHF,0.954115
2024-12-10,GBP,0.805595
2024-12-10,USD,1.323210
2024-12-11,CHF,0.952938
2024-12-11,GBP,0.803236
2024-12-11,USD,1.316853
2024-12-12,CHF,0.953017
2024-12-12,GBP,0.803653
2024-12-12,USD,1.317469
2024-12-13,CHF,0.954608
2024-12-13,GBP,0.806456
2024-12-13,USD,1.319579
2024-12-16,CHF,0.954840
2024-12-16,GBP,0.804416
2024-12-16,USD,1.318624
2024-12-17,CHF,0.955871
2024-12-17,GBP,0.801643
2024-12-17,USD,1.312941
2024-12-18,CHF,0.953188
2024-12-18,GBP,0.802517
2024-12-18,USD,1.308634
2024-12-19,CHF,0.955003
2024-12-19,GBP,0.800131
2024-12-19,USD,1.303774
2024-12-20,CHF,0.954429
2024-12-20,GBP,0.799410
2024-12-20,USD,1.302020
2024-12-23,CHF,0.955539
2024-12-23,GBP,0.799220
2024-12-23,USD,1.295999
2024-12-24,CHF,0.955835
2024-12-24,GBP,0.799297
2024-12-24,USD,1.281273
2024-12-25,CHF,0.956573
2024-12-25,GBP,0.800818
2024-12-25,USD,1.286927
2024-12-26,CHF,0.957782
2024-12-26,GBP,0.798778
2024-12-26,USD,1.291736
2024-12-27,CHF,0.956680
2024-12-27,GBP,0.801913
2024-12-27,USD,1.289594
2024-12-30,CHF,0.958597
2024-12-30,GBP,0.796756
2024-12-30,USD,1.290861
2024-12-31,CHF,0.957824
2024-12-31,GBP,0.797614
2024-12-31,USD,1.291167
2025-01-01,CHF,0.956208
2025-01-01,GBP,0.797958
2025-01-01,USD,1.283074
2025-01-02,CHF,0.957648
2025-01-02,GBP,0.800961
2025-01-02,USD,1.283719
2025-01-03,CHF,0.961889
2025-01-03,GBP,0.797597
2025-01-03,USD,1.290658
2025-01-06,CHF,0.962805
2025-01-06,GBP,0.796898
2025-01-06,USD,1.294892
2025-01-07,CHF,0.961783
2025-01-07,GBP,0.795985
2025-01-07,USD,1.297171
2025-01-08,CHF,0.965338
2025-01-08,GBP,0.796948
2025-01-08,USD,1.293817
2025-01-09,CHF,0.968591
2025-01-09,GBP,0.794266
2025-01-09,USD,1.287536
2025-01-10,CHF,0.965436
2025-01-10,GBP,0.800127
2025-01-10,USD,1.288327
2025-01-13,CHF,0.963814
2025-01-13,GBP,0.800564
2025-01-13,USD,1.301726
2025-01-14,CHF,0.965737
2025-01-14,GBP,0.798570
2025-01-14,USD,1.297399
2025-01-15,CHF,0.968777
2025-01-15,GBP,0.800529
2025-01-15,USD,1.306253
2025-01-16,CHF,0.971887
2025-01-16,GBP,0.798484
2025-01-16,USD,1.317839
2025-01-17,CHF,0.969604
2025-01-17,GBP,0.796878
2025-01-17,USD,1.317382
2025-01-20,CHF,0.968533
2025-01-20,GBP,0.799117
2025-01-20,USD,1.315799
2025-01-21,CHF,0.966990
2025-01-21,GBP,0.799397
2025-01-21,USD,1.306781
2025-01-22,CHF,0.967786
2025-01-22,GBP,0.795461
2025-01-22,USD,1.302025
2025-01-23,CHF,0.967009
2025-01-23,GBP,0.797390
2025-01-23,USD,1.296732
2025-01-24,CHF,0.967021
2025-01-24,GBP,0.794856
2025-01-24,USD,1.297513
2025-01-27,CHF,0.964900
2025-01-27,GBP,0.791495
2025-01-27,USD,1.294060
2025-01-28,CHF,0.962122
2025-01-28,GBP,0.793078
2025-01-28,USD,1.293208
2025-01-29,CHF,0.959203
2025-01-29,GBP,0.791097
2025-01-29,USD,1.296913
2025-01-30,CHF,0.957426
2025-01-30,GBP,0.792229
2025-01-30,USD,1.295046
2025-01-31,CHF,0.954597
2025-01-31,GBP,0.793081
2025-01-31,USD,1.288022
2025-02-03,CHF,0.956439
2025-02-03,GBP,0.794885
2025-02-03,USD,1.286806
2025-02-04,CHF,0.960954
2025-02-04,GBP,0.790432
2025-02-04,USD,1.281637
2025-02-05,CHF,0.960124
2025-02-05,GBP,0.787147
2025-02-05,USD,1.277397
2025-02-06,CHF,0.960427
2025-02-06,GBP,0.784210
2025-02-06,USD,1.281469
2025-02-07,CHF,0.965102
2025-02-07,GBP,0.784033
2025-02-07,USD,1.272193
2025-02-10,CHF,0.965522
2025-02-10,GBP,0.780814
2025-02-10,USD,1.258256
2025-02-11,CHF,0.962735
2025-02-11,GBP,0.780541
2025-02-11,USD,1.253752
2025-02-12,CHF,0.964831
2025-02-12,GBP,0.787210
2025-02-12,USD,1.257162
2025-02-13,CHF,0.965909
2025-02-13,GBP,0.789877
2025-02-13,USD,1.259018
2025-02-14,CHF,0.970756
2025-02-14,GBP,0.786403
2025-02-14,USD,1.254839
2025-02-17,CHF,0.973212
2025-02-17,GBP,0.785264
2025-02-17,USD,1.249163
2025-02-18,CHF,0.975521
2025-02-18,GBP,0.784735
2025-02-18,USD,1.243788
2025-02-19,CHF,0.973166
2025-02-19,GBP,0.788743
2025-02-19,USD,1.240182
2025-02-20,CHF,0.973375
2025-02-20,GBP,0.789914
2025-02-20,USD,1.237436
2025-02-21,CHF,0.971080
2025-02-21,GBP,0.789426
2025-02-21,USD,1.237725
2025-02-24,CHF,0.976238
2025-02-24,GBP,0.795127
2025-02-24,USD,1.245809
2025-02-25,CHF,0.977449
2025-02-25,GBP,0.792462
2025-02-25,USD,1.251459
2025-02-26,CHF,0.973962
2025-02-26,GBP,0.789743
2025-02-26,USD,1.253168
2025-02-27,CHF,0.973702
2025-02-27,GBP,0.790768
2025-02-27,USD,1.250220
2025-02-28,CHF,0.975510
2025-02-28,GBP,0.793283
2025-02-28,USD,1.249412
2025-03-03,CHF,0.978676
2025-03-03,GBP,0.793387
2025-03-03,USD,1.251493
2025-03-04,CHF,0.979881
2025-03-04,GBP,0.794163
2025-03-04,USD,1.257985
2025-03-05,CHF,0.981039
2025-03-05,GBP,0.792874
2025-03-05,USD,1.262455
2025-03-06,CHF,0.976427
2025-03-06,GBP,0.791712
2025-03-06,USD,1.266279
2025-03-07,CHF,0.978910
2025-03-07,GBP,0.792225
2025-03-07,USD,1.271064
2025-03-10,CHF,0.975875
2025-03-10,GBP,0.795915
2025-03-10,USD,1.275568
2025-03-11,CHF,0.973429
2025-03-11,GBP,0.795719
2025-03-11,USD,1.279499
2025-03-12,CHF,0.974055
2025-03-12,GBP,0.791650
2025-03-12,USD,1.281853
2025-03-13,CHF,0.974993
2025-03-13,GBP,0.792757
2025-03-13,USD,1.275248
2025-03-14,CHF,0.972076
2025-03-14,GBP,0.796643
2025-03-14,USD,1.280651
2025-03-17,CHF,0.974180
2025-03-17,GBP,0.797231
2025-03-17,USD,1.290989
2025-03-18,CHF,0.976533
2025-03-18,GBP,0.800632
2025-03-18,USD,1.287758
2025-03-19,CHF,0.974818
2025-03-19,GBP,0.802097
2025-03-19,USD,1.291551
2025-03-20,CHF,0.974547
2025-03-20,GBP,0.795343
2025-03-20,USD,1.286192
2025-03-21,CHF,0.976620
2025-03-21,GBP,0.794899
2025-03-21,USD,1.276938
2025-03-24,CHF,0.974662
2025-03-24,GBP,0.797152
2025-03-24,USD,1.275603
2025-03-25,CHF,0.977074
2025-03-25,GBP,0.797352
2025-03-25,USD,1.270079
2025-03-26,CHF,0.973211
2025-03-26,GBP,0.793448
2025-03-26,USD,1.265228
2025-03-27,CHF,0.970103
2025-03-27,GBP,0.795757
2025-03-27,USD,1.260876
2025-03-28,CHF,0.971584
2025-03-28,GBP,0.795716
2025-03-28,USD,1.265059
2025-03-31,CHF,0.972517
2025-03-31,GBP,0.798480
2025-03-31,USD,1.271289
2025-04-01,CHF,0.972530
2025-04-01,GBP,0.791557
2025-04-01,USD,1.273308
2025-04-02,CHF,0.970147
2025-04-02,GBP,0.787393
2025-04-02,USD,1.268755
2025-04-03,CHF,0.969519
2025-04-03,GBP,0.786447
2025-04-03,USD,1.267707
2025-04-04,CHF,0.970950
2025-04-04,GBP,0.787544
2025-04-04,USD,1.273233
2025-04-07,CHF,0.970786
2025-04-07,GBP,0.786203
2025-04-07,USD,1.272463
2025-04-08,CHF,0.971470
2025-04-08,GBP,0.786731
2025-04-08,USD,1.267494
2025-04-09,CHF,0.973674
2025-04-09,GBP,0.785967
2025-04-09,USD,1.269431
2025-04-10,CHF,0.970269
2025-04-10,GBP,0.786901
2025-04-10,USD,1.267179
2025-04-11,CHF,0.969351
2025-04-11,GBP,0.783194
2025-04-11,USD,1.259263
2025-04-14,CHF,0.965340
2025-04-14,GBP,0.786189
2025-04-14,USD,1.256521
2025-04-15,CHF,0.964141
2025-04-15,GBP,0.788450
2025-04-15,USD,1.257932
2025-04-16,CHF,0.964207
2025-04-16,GBP,0.787167
2025-04-16,USD,1.255128
2025-04-17,CHF,0.966971
2025-04-17,GBP,0.786033
2025-04-17,USD,1.255045
2025-04-18,CHF,0.967418
2025-04-18,GBP,0.788524
2025-04-18,USD,1.256669
2025-04-21,CHF,0.968061
2025-04-21,GBP,0.788735
2025-04-21,USD,1.267198
2025-04-22,CHF,0.966943
2025-04-22,GBP,0.786337
2025-04-22,USD,1.269822
2025-04-23,CHF,0.966863
2025-04-23,GBP,0.790066
2025-04-23,USD,1.267792
2025-04-24,CHF,0.966799
2025-04-24,GBP,0.789092
2025-04-24,USD,1.259540
2025-04-25,CHF,0.967600
2025-04-25,GBP,0.791457
2025-04-25,USD,1.251485
2025-04-28,CHF,0.969669
2025-04-28,GBP,0.787171
2025-04-28,USD,1.247658
2025-04-29,CHF,0.971029
2025-04-29,GBP,0.787393
2025-04-29,USD,1.243282
2025-04-30,CHF,0.970891
2025-04-30,GBP,0.791227
2025-04-30,USD,1.239535
2025-05-01,CHF,0.971994
2025-05-01,GBP,0.789865
2025-05-01,USD,1.237829
2025-05-02,CHF,0.969446
2025-05-02,GBP,0.789140
2025-05-02,USD,1.236338
2025-05-05,CHF,0.972427
2025-05-05,GBP,0.791292
2025-05-05,USD,1.236788
2025-05-06,CHF,0.969379
2025-05-06,GBP,0.791270
2025-05-06,USD,1.233087
2025-05-07,CHF,0.968193
2025-05-07,GBP,0.791619
2025-05-07,USD,1.233700
2025-05-08,CHF,0.968337
2025-05-08,GBP,0.791402
2025-05-08,USD,1.227590
2025-05-09,CHF,0.966311
2025-05-09,GBP,0.794343
2025-05-09,USD,1.222575
2025-05-12,CHF,0.966365
2025-05-12,GBP,0.796787
2025-05-12,USD,1.220889
2025-05-13,CHF,0.969544
2025-05-13,GBP,0.794807
2025-05-13,USD,1.221355
2025-05-14,CHF,0.966115
2025-05-14,GBP,0.792998
2025-05-14,USD,1.228593
2025-05-15,CHF,0.963762
2025-05-15,GBP,0.789967
2025-05-15,USD,1.224980
2025-05-16,CHF,0.959238
2025-05-16,GBP,0.786557
2025-05-16,USD,1.223407
2025-05-19,CHF,0.962119
2025-05-19,GBP,0.788800
2025-05-19,USD,1.234416
2025-05-20,CHF,0.957284
2025-05-20,GBP,0.784797
2025-05-20,USD,1.231818
2025-05-21,CHF,0.956153
2025-05-21,GBP,0.788674
2025-05-21,USD,1.242585
2025-05-22,CHF,0.957889
2025-05-22,GBP,0.787075
2025-05-22,USD,1.240514
2025-05-23,CHF,0.957604
2025-05-23,GBP,0.785714
2025-05-23,USD,1.240879
2025-05-26,CHF,0.955537
2025-05-26,GBP,0.788370
2025-05-26,USD,1.234778
2025-05-27,CHF,0.954038
2025-05-27,GBP,0.789815
2025-05-27,USD,1.221956
2025-05-28,CHF,0.959478
2025-05-28,GBP,0.790967
2025-05-28,USD,1.212895
2025-05-29,CHF,0.958787
2025-05-29,GBP,0.796269
2025-05-29,USD,1.202891
2025-05-30,CHF,0.963232
2025-05-30,GBP,0.795514
2025-05-30,USD,1.204701
2025-06-02,CHF,0.962435
2025-06-02,GBP,0.797802
2025-06-02,USD,1.220516
2025-06-03,CHF,0.965590
2025-06-03,GBP,0.803051
2025-06-03,USD,1.216123
2025-06-04,CHF,0.965750
2025-06-04,GBP,0.803208
2025-06-04,USD,1.213317
2025-06-05,CHF,0.964269
2025-06-05,GBP,0.795915
2025-06-05,USD,1.218914
2025-06-06,CHF,0.969005
2025-06-06,GBP,0.793779
2025-06-06,USD,1.214202
2025-06-09,CHF,0.967524
2025-06-09,GBP,0.794373
2025-06-09,USD,1.218017
2025-06-10,CHF,0.971200
2025-06-10,GBP,0.792198
2025-06-10,USD,1.209139
2025-06-11,CHF,0.971753
2025-06-11,GBP,0.785812
2025-06-11,USD,1.210362
2025-06-12,CHF,0.971934
2025-06-12,GBP,0.782531
2025-06-12,USD,1.215512
2025-06-13,CHF,0.969764
2025-06-13,GBP,0.782282
2025-06-13,USD,1.211561
2025-06-16,CHF,0.968448
2025-06-16,GBP,0.775874
2025-06-16,USD,1.211628
2025-06-17,CHF,0.969861
2025-06-17,GBP,0.776592
2025-06-17,USD,1.211599
2025-06-18,CHF,0.968102
2025-06-18,GBP,0.775087
2025-06-18,USD,1.214815
2025-06-19,CHF,0.966818
2025-06-19,GBP,0.775722
2025-06-19,USD,1.220559
2025-06-20,CHF,0.966138
2025-06-20,GBP,0.771263
2025-06-20,USD,1.210738
2025-06-23,CHF,0.964030
2025-06-23,GBP,0.772487
2025-06-23,USD,1.210399
2025-06-24,CHF,0.966605
2025-06-24,GBP,0.768925
2025-06-24,USD,1.209543
2025-06-25,CHF,0.968932
2025-06-25,GBP,0.768956
2025-06-25,USD,1.201673
2025-06-26,CHF,0.966498
2025-06-26,GBP,0.768447
2025-06-26,USD,1.196915
2025-06-27,CHF,0.967210
2025-06-27,GBP,0.768476
2025-06-27,USD,1.196701
2025-06-30,CHF,0.970197
2025-06-30,GBP,0.772225
2025-06-30,USD,1.200526
2025-07-01,CHF,0.970298
2025-07-01,GBP,0.770517
2025-07-01,USD,1.197789
2025-07-02,CHF,0.971403
2025-07-02,GBP,0.769836
2025-07-02,USD,1.197969
2025-07-03,CHF,0.971378
2025-07-03,GBP,0.766793
2025-07-03,USD,1.198073
2025-07-04,CHF,0.971775
2025-07-04,GBP,0.771040
2025-07-04,USD,1.193668
2025-07-07,CHF,0.968380
2025-07-07,GBP,0.769629
2025-07-07,USD,1.196448
2025-07-08,CHF,0.973463
2025-07-08,GBP,0.769290
2025-07-08,USD,1.196952
2025-07-09,CHF,0.969963
2025-07-09,GBP,0.768977
2025-07-09,USD,1.201660
2025-07-10,CHF,0.969951
2025-07-10,GBP,0.769258
2025-07-10,USD,1.201611
2025-07-11,CHF,0.970497
2025-07-11,GBP,0.772810
2025-07-11,USD,1.201268
2025-07-14,CHF,0.972687
2025-07-14,GBP,0.771841
2025-07-14,USD,1.196171
2025-07-15,CHF,0.971947
2025-07-15,GBP,0.773436
2025-07-15,USD,1.195248
2025-07-16,CHF,0.974080
2025-07-16,GBP,0.774641
2025-07-16,USD,1.202571
2025-07-17,CHF,0.974805
2025-07-17,GBP,0.773052
2025-07-17,USD,1.205233
2025-07-18,CHF,0.976192
2025-07-18,GBP,0.773019
2025-07-18,USD,1.210879
2025-07-21,CHF,0.975348
2025-07-21,GBP,0.770171
2025-07-21,USD,1.202714
2025-07-22,CHF,0.977174
2025-07-22,GBP,0.768659
2025-07-22,USD,1.201301
2025-07-23,CHF,0.978968
2025-07-23,GBP,0.764892
2025-07-23,USD,1.201829
2025-07-24,CHF,0.978544
2025-07-24,GBP,0.765131
2025-07-24,USD,1.203328
2025-07-25,CHF,0.981280
2025-07-25,GBP,0.765359
2025-07-25,USD,1.200821
2025-07-28,CHF,0.977939
2025-07-28,GBP,0.765459
2025-07-28,USD,1.187822
2025-07-29,CHF,0.978148
2025-07-29,GBP,0.764772
2025-07-29,USD,1.185670
2025-07-30,CHF,0.978502
2025-07-30,GBP,0.765072
2025-07-30,USD,1.179641
2025-07-31,CHF,0.980093
2025-07-31,GBP,0.762585
2025-07-31,USD,1.176512
2025-08-01,CHF,0.975102
2025-08-01,GBP,0.762736
2025-08-01,USD,1.182187
2025-08-04,CHF,0.973830
2025-08-04,GBP,0.761495
2025-08-04,USD,1.184887
2025-08-05,CHF,0.976544
2025-08-05,GBP,0.764053
2025-08-05,USD,1.198395
2025-08-06,CHF,0.976356
2025-08-06,GBP,0.763078
2025-08-06,USD,1.199082
2025-08-07,CHF,0.974556
2025-08-07,GBP,0.762879
2025-08-07,USD,1.187675
2025-08-08,CHF,0.976096
2025-08-08,GBP,0.763414
2025-08-08,USD,1.191802
2025-08-11,CHF,0.976640
2025-08-11,GBP,0.760799
2025-08-11,USD,1.188084
2025-08-12,CHF,0.979310
2025-08-12,GBP,0.757992
2025-08-12,USD,1.182763
2025-08-13,CHF,0.979321
2025-08-13,GBP,0.759147
2025-08-13,USD,1.187626
2025-08-14,CHF,0.980207
2025-08-14,GBP,0.754569
2025-08-14,USD,1.190342
2025-08-15,CHF,0.981584
2025-08-15,GBP,0.751739
2025-08-15,USD,1.187205
2025-08-18,CHF,0.982607
2025-08-18,GBP,0.755256
2025-08-18,USD,1.183991
2025-08-19,CHF,0.981657
2025-08-19,GBP,0.751278
2025-08-19,USD,1.189741
2025-08-20,CHF,0.981750
2025-08-20,GBP,0.752148
2025-08-20,USD,1.183134
2025-08-21,CHF,0.981847
2025-08-21,GBP,0.755569
2025-08-21,USD,1.187895
2025-08-22,CHF,0.984900
2025-08-22,GBP,0.758398
2025-08-22,USD,1.195817
2025-08-25,CHF,0.983088
2025-08-25,GBP,0.755384
2025-08-25,USD,1.190491
2025-08-26,CHF,0.985462
2025-08-26,GBP,0.757395
2025-08-26,USD,1.191861
2025-08-27,CHF,0.985376
2025-08-27,GBP,0.756035
2025-08-27,USD,1.199422
2025-08-28,CHF,0.986796
2025-08-28,GBP,0.753620
2025-08-28,USD,1.204592
2025-08-29,CHF,0.980065
2025-08-29,GBP,0.753434
2025-08-29,USD,1.209108
2025-09-01,CHF,0.981638
2025-09-01,GBP,0.757382
2025-09-01,USD,1.215294
2025-09-02,CHF,0.982686
2025-09-02,GBP,0.760944
2025-09-02,USD,1.215176
2025-09-03,CHF,0.983459
2025-09-03,GBP,0.765627
2025-09-03,USD,1.203471
2025-09-04,CHF,0.979789
2025-09-04,GBP,0.766803
2025-09-04,USD,1.197592
2025-09-05,CHF,0.980922
2025-09-05,GBP,0.763495
2025-09-05,USD,1.201475
2025-09-08,CHF,0.978943
2025-09-08,GBP,0.760673
2025-09-08,USD,1.194743
2025-09-09,CHF,0.978882
2025-09-09,GBP,0.756981
2025-09-09,USD,1.190577
2025-09-10,CHF,0.981471
2025-09-10,GBP,0.757639
2025-09-10,USD,1.188441
2025-09-11,CHF,0.981998
2025-09-11,GBP,0.757265
2025-09-11,USD,1.184488
2025-09-12,CHF,0.982712
2025-09-12,GBP,0.758226
2025-09-12,USD,1.183036
2025-09-15,CHF,0.984879
2025-09-15,GBP,0.755904
2025-09-15,USD,1.182750
2025-09-16,CHF,0.985700
2025-09-16,GBP,0.756113
2025-09-16,USD,1.188032
2025-09-17,CHF,0.984771
2025-09-17,GBP,0.753110
2025-09-17,USD,1.186316
2025-09-18,CHF,0.986220
2025-09-18,GBP,0.756836
2025-09-18,USD,1.183768
2025-09-19,CHF,0.985681
2025-09-19,GBP,0.752708
2025-09-19,USD,1.175459
2025-09-22,CHF,0.984301
2025-09-22,GBP,0.756051
2025-09-22,USD,1.168383
2025-09-23,CHF,0.981853
2025-09-23,GBP,0.754499
2025-09-23,USD,1.175379
2025-09-24,CHF,0.982178
2025-09-24,GBP,0.750244
2025-09-24,USD,1.175989
2025-09-25,CHF,0.982345
2025-09-25,GBP,0.745318
2025-09-25,USD,1.178151
2025-09-26,CHF,0.984877
2025-09-26,GBP,0.746645
2025-09-26,USD,1.185716
2025-09-29,CHF,0.982544
2025-09-29,GBP,0.747811
2025-09-29,USD,1.184266
2025-09-30,CHF,0.985128
2025-09-30,GBP,0.744728
2025-09-30,USD,1.176826
2025-10-01,CHF,0.985421
2025-10-01,GBP,0.741894
2025-10-01,USD,1.174898
2025-10-02,CHF,0.983374
2025-10-02,GBP,0.740899
2025-10-02,USD,1.180666
2025-10-03,CHF,0.982715
2025-10-03,GBP,0.740770
2025-10-03,USD,1.177136
2025-10-06,CHF,0.983425
2025-10-06,GBP,0.738807
2025-10-06,USD,1.176769
2025-10-07,CHF,0.981547
2025-10-07,GBP,0.737475
2025-10-07,USD,1.185740
2025-10-08,CHF,0.979952
2025-10-08,GBP,0.733012
2025-10-08,USD,1.192160
2025-10-09,CHF,0.977963
2025-10-09,GBP,0.732282
2025-10-09,USD,1.182929
2025-10-10,CHF,0.982163
2025-10-10,GBP,0.734625
2025-10-10,USD,1.186546
2025-10-13,CHF,0.984486
2025-10-13,GBP,0.737680
2025-10-13,USD,1.184866
2025-10-14,CHF,0.979664
2025-10-14,GBP,0.734444
2025-10-14,USD,1.189083
2025-10-15,CHF,0.976717
2025-10-15,GBP,0.739812
2025-10-15,USD,1.189592
2025-10-16,CHF,0.978995
2025-10-16,GBP,0.738734
2025-10-16,USD,1.199132
2025-10-17,CHF,0.977966
2025-10-17,GBP,0.735601
2025-10-17,USD,1.194017
2025-10-20,CHF,0.975919
2025-10-20,GBP,0.734834
2025-10-20,USD,1.200088
2025-10-21,CHF,0.978816
2025-10-21,GBP,0.731464
2025-10-21,USD,1.197555
2025-10-22,CHF,0.978884
2025-10-22,GBP,0.729530
2025-10-22,USD,1.182914
2025-10-23,CHF,0.977451
2025-10-23,GBP,0.732679
2025-10-23,USD,1.189612
2025-10-24,CHF,0.977035
2025-10-24,GBP,0.732436
2025-10-24,USD,1.192140
2025-10-27,CHF,0.977880
2025-10-27,GBP,0.730453
2025-10-27,USD,1.193392
2025-10-28,CHF,0.976480
2025-10-28,GBP,0.730120
2025-10-28,USD,1.193721
2025-10-29,CHF,0.977385
2025-10-29,GBP,0.731130
2025-10-29,USD,1.191429
2025-10-30,CHF,0.981137
2025-10-30,GBP,0.733645
2025-10-30,USD,1.185122
2025-10-31,CHF,0.978678
2025-10-31,GBP,0.736702
2025-10-31,USD,1.187967
2025-11-03,CHF,0.981605
2025-11-03,GBP,0.739746
2025-11-03,USD,1.191623
2025-11-04,CHF,0.982671
2025-11-04,GBP,0.747102
2025-11-04,USD,1.185356
2025-11-05,CHF,0.983292
2025-11-05,GBP,0.750170
2025-11-05,USD,1.183537
2025-11-06,CHF,0.982239
2025-11-06,GBP,0.749167
2025-11-06,USD,1.189867
2025-11-07,CHF,0.982278
2025-11-07,GBP,0.750145
2025-11-07,USD,1.195320
2025-11-10,CHF,0.979715
2025-11-10,GBP,0.751462
2025-11-10,USD,1.190736
2025-11-11,CHF,0.980504
2025-11-11,GBP,0.754305
2025-11-11,USD,1.194544
2025-11-12,CHF,0.981687
2025-11-12,GBP,0.751297
2025-11-12,USD,1.195204
2025-11-13,CHF,0.980938
2025-11-13,GBP,0.753657
2025-11-13,USD,1.200920
2025-11-14,CHF,0.976505
2025-11-14,GBP,0.757804
2025-11-14,USD,1.193926
2025-11-17,CHF,0.974657
2025-11-17,GBP,0.753632
2025-11-17,USD,1.197614
2025-11-18,CHF,0.979674
2025-11-18,GBP,0.754437
2025-11-18,USD,1.204107
2025-11-19,CHF,0.979026
2025-11-19,GBP,0.752271
2025-11-19,USD,1.207785
2025-11-20,CHF,0.982246
2025-11-20,GBP,0.749912
2025-11-20,USD,1.210356
2025-11-21,CHF,0.983881
2025-11-21,GBP,0.746726
2025-11-21,USD,1.210552
2025-11-24,CHF,0.986404
2025-11-24,GBP,0.749743
2025-11-24,USD,1.210310
2025-11-25,CHF,0.989569
2025-11-25,GBP,0.750765
2025-11-25,USD,1.206741
2025-11-26,CHF,0.987135
2025-11-26,GBP,0.750392
2025-11-26,USD,1.206660
2025-11-27,CHF,0.987361
2025-11-27,GBP,0.746086
2025-11-27,USD,1.199620
2025-11-28,CHF,0.985215
2025-11-28,GBP,0.746466
2025-11-28,USD,1.201477
2025-12-01,CHF,0.980538
2025-12-01,GBP,0.746950
2025-12-01,USD,1.195529
2025-12-02,CHF,0.982848
2025-12-02,GBP,0.746980
2025-12-02,USD,1.185177
2025-12-03,CHF,0.986225
2025-12-03,GBP,0.751430
2025-12-03,USD,1.179078
2025-12-04,CHF,0.991163
2025-12-04,GBP,0.752304
2025-12-04,USD,1.181736
2025-12-05,CHF,0.993604
2025-12-05,GBP,0.750889
2025-12-05,USD,1.188617
2025-12-08,CHF,0.996507
2025-12-08,GBP,0.750669
2025-12-08,USD,1.186472
2025-12-09,CHF,0.995928
2025-12-09,GBP,0.749299
2025-12-09,USD,1.179351
2025-12-10,CHF,0.994862
2025-12-10,GBP,0.746185
2025-12-10,USD,1.181935
2025-12-11,CHF,0.996371
2025-12-11,GBP,0.743846
2025-12-11,USD,1.173128
2025-12-12,CHF,0.996297
2025-12-12,GBP,0.743462
2025-12-12,USD,1.185111
2025-12-15,CHF,0.996815
2025-12-15,GBP,0.744066
2025-12-15,USD,1.190613
2025-12-16,CHF,0.997340
2025-12-16,GBP,0.742708
2025-12-16,USD,1.190813
2025-12-17,CHF,0.999101
2025-12-17,GBP,0.744609
2025-12-17,USD,1.193332
2025-12-18,CHF,0.999335
2025-12-18,GBP,0.749247
2025-12-18,USD,1.194820
2025-12-19,CHF,0.998021
2025-12-19,GBP,0.746911
2025-12-19,USD,1.196681
2025-12-22,CHF,0.999385
2025-12-22,GBP,0.743739
2025-12-22,USD,1.193004
2025-12-23,CHF,1.000099
2025-12-23,GBP,0.742321
2025-12-23,USD,1.190198
2025-12-24,CHF,0.998813
2025-12-24,GBP,0.742483
2025-12-24,USD,1.191191
2025-12-25,CHF,1.001147
2025-12-25,GBP,0.744084
2025-12-25,USD,1.192490
2025-12-26,CHF,0.997319
2025-12-26,GBP,0.745332
2025-12-26,USD,1.201431
2025-12-29,CHF,0.996189
2025-12-29,GBP,0.746962
2025-12-29,USD,1.208287
2025-12-30,CHF,0.998078
2025-12-30,GBP,0.745066
2025-12-30,USD,1.211367
2025-12-31,CHF,0.998695
2025-12-31,GBP,0.748670
2025-12-31,USD,1.218673
2026-01-01,CHF,0.998536
2026-01-01,GBP,0.747003
2026-01-01,USD,1.215020
2026-01-02,CHF,0.995522
2026-01-02,GBP,0.748509
2026-01-02,USD,1.207397
2026-01-05,CHF,0.996537
2026-01-05,GBP,0.750847
2026-01-05,USD,1.200900
2026-01-06,CHF,0.994605
2026-01-06,GBP,0.753177
2026-01-06,USD,1.200815
2026-01-07,CHF,0.995324
2026-01-07,GBP,0.753276
2026-01-07,USD,1.202297
2026-01-08,CHF,0.993036
2026-01-08,GBP,0.756935
2026-01-08,USD,1.201590
2026-01-09,CHF,0.993130
2026-01-09,GBP,0.757125
2026-01-09,USD,1.195251
2026-01-12,CHF,0.993927
2026-01-12,GBP,0.755101
2026-01-12,USD,1.190051
2026-01-13,CHF,0.995763
2026-01-13,GBP,0.754191
2026-01-13,USD,1.199991
2026-01-14,CHF,0.994205
2026-01-14,GBP,0.750542
2026-01-14,USD,1.193601
2026-01-15,CHF,0.996328
2026-01-15,GBP,0.751594
2026-01-15,USD,1.203690
2026-01-16,CHF,0.994805
2026-01-16,GBP,0.751311
2026-01-16,USD,1.195913
2026-01-19,CHF,0.993189
2026-01-19,GBP,0.750442
2026-01-19,USD,1.204542
2026-01-20,CHF,0.994964
2026-01-20,GBP,0.742776
2026-01-20,USD,1.206125
2026-01-21,CHF,0.994781
2026-01-21,GBP,0.744431
2026-01-21,USD,1.201922
2026-01-22,CHF,0.995783
2026-01-22,GBP,0.745564
2026-01-22,USD,1.199981
2026-01-23,CHF,0.994848
2026-01-23,GBP,0.747088
2026-01-23,USD,1.194527
2026-01-26,CHF,0.994452
2026-01-26,GBP,0.745862
2026-01-26,USD,1.189304
2026-01-27,CHF,0.993589
2026-01-27,GBP,0.747074
2026-01-27,USD,1.178498
2026-01-28,CHF,0.994316
2026-01-28,GBP,0.747862
2026-01-28,USD,1.184265
2026-01-29,CHF,1.000195
2026-01-29,GBP,0.749702
2026-01-29,USD,1.185126
2026-01-30,CHF,1.003436
2026-01-30,GBP,0.751109
2026-01-30,USD,1.181672
2026-02-02,CHF,1.004673
2026-02-02,GBP,0.754393
2026-02-02,USD,1.180339
2026-02-03,CHF,1.005062
2026-02-03,GBP,0.753197
2026-02-03,USD,1.176038
2026-02-04,CHF,1.003208
2026-02-04,GBP,0.750251
2026-02-04,USD,1.174384
2026-02-05,CHF,1.004397
2026-02-05,GBP,0.747887
2026-02-05,USD,1.168932
2026-02-06,CHF,1.001868
2026-02-06,GBP,0.747286
2026-02-06,USD,1.166275
2026-02-09,CHF,1.003465
2026-02-09,GBP,0.746207
2026-02-09,USD,1.174116
2026-02-10,CHF,1.005725
2026-02-10,GBP,0.741715
2026-02-10,USD,1.170471
2026-02-11,CHF,1.003862
2026-02-11,GBP,0.745547
2026-02-11,USD,1.168791
2026-02-12,CHF,1.003560
2026-02-12,GBP,0.748156
2026-02-12,USD,1.169819
2026-02-13,CHF,1.005659
2026-02-13,GBP,0.745421
2026-02-13,USD,1.156784
2026-02-16,CHF,1.006645
2026-02-16,GBP,0.745663
2026-02-16,USD,1.150020
2026-02-17,CHF,1.007924
2026-02-17,GBP,0.742802
2026-02-17,USD,1.161311
2026-02-18,CHF,1.007953
2026-02-18,GBP,0.739736
2026-02-18,USD,1.169920
2026-02-19,CHF,1.009761
2026-02-19,GBP,0.742431
2026-02-19,USD,1.177919
2026-02-20,CHF,1.006519
2026-02-20,GBP,0.745925
2026-02-20,USD,1.184275
2026-02-23,CHF,1.004109
2026-02-23,GBP,0.744276
2026-02-23,USD,1.182809
2026-02-24,CHF,1.003069
2026-02-24,GBP,0.743743
2026-02-24,USD,1.183724
2026-02-25,CHF,1.005322
2026-02-25,GBP,0.743353
2026-02-25,USD,1.195784
2026-02-26,CHF,1.005505
2026-02-26,GBP,0.742261
2026-02-26,USD,1.193516
2026-02-27,CHF,1.005244
2026-02-27,GBP,0.740547
2026-02-27,USD,1.188119
2026-03-02,CHF,1.003454
2026-03-02,GBP,0.742935
2026-03-02,USD,1.185063
2026-03-03,CHF,1.000704
2026-03-03,GBP,0.744907
2026-03-03,USD,1.194240
2026-03-04,CHF,0.999141
2026-03-04,GBP,0.741440
2026-03-04,USD,1.187759
2026-03-05,CHF,0.996026
2026-03-05,GBP,0.742805
2026-03-05,USD,1.186371
2026-03-06,CHF,0.998380
2026-03-06,GBP,0.743734
2026-03-06,USD,1.181576
2026-03-09,CHF,0.994960
2026-03-09,GBP,0.744370
2026-03-09,USD,1.180922
2026-03-10,CHF,0.991772
2026-03-10,GBP,0.743101
2026-03-10,USD,1.184681
2026-03-11,CHF,0.992228
2026-03-11,GBP,0.742119
2026-03-11,USD,1.187854
2026-03-12,CHF,0.992899
2026-03-12,GBP,0.742637
2026-03-12,USD,1.180826
2026-03-13,CHF,0.991802
2026-03-13,GBP,0.746955
2026-03-13,USD,1.188589
2026-03-16,CHF,0.989950
2026-03-16,GBP,0.749124
2026-03-16,USD,1.187913
2026-03-17,CHF,0.991763
2026-03-17,GBP,0.749290
2026-03-17,USD,1.197559
2026-03-18,CHF,0.995746
2026-03-18,GBP,0.747231
2026-03-18,USD,1.198712
2026-03-19,CHF,0.995918
2026-03-19,GBP,0.744503
2026-03-19,USD,1.186135
2026-03-20,CHF,0.996141
2026-03-20,GBP,0.749406
2026-03-20,USD,1.182232
2026-03-23,CHF,0.998616
2026-03-23,GBP,0.746192
2026-03-23,USD,1.181980
2026-03-24,CHF,1.001032
2026-03-24,GBP,0.745132
2026-03-24,USD,1.176895
2026-03-25,CHF,1.000644
2026-03-25,GBP,0.743732
2026-03-25,USD,1.176465
2026-03-26,CHF,1.002424
2026-03-26,GBP,0.739103
2026-03-26,USD,1.171385
2026-03-27,CHF,0.998330
2026-03-27,GBP,0.738869
2026-03-27,USD,1.170217
2026-03-30,CHF,0.998147
2026-03-30,GBP,0.735538
2026-03-30,USD,1.162656
2026-03-31,CHF,0.995107
2026-03-31,GBP,0.734548
2026-03-31,USD,1.150557
2026-04-01,CHF,0.994793
2026-04-01,GBP,0.735742
2026-04-01,USD,1.151915
2026-04-02,CHF,0.994842
2026-04-02,GBP,0.732211
2026-04-02,USD,1.151165
2026-04-03,CHF,0.995081
2026-04-03,GBP,0.726730
2026-04-03,USD,1.150970
2026-04-06,CHF,0.993584
2026-04-06,GBP,0.726001
2026-04-06,USD,1.156651
2026-04-07,CHF,0.993063
2026-04-07,GBP,0.728630
2026-04-07,USD,1.160251
2026-04-08,CHF,0.990431
2026-04-08,GBP,0.725593
2026-04-08,USD,1.157008
2026-04-09,CHF,0.988927
2026-04-09,GBP,0.725588
2026-04-09,USD,1.156988
2026-04-10,CHF,0.987920
2026-04-10,GBP,0.724749
2026-04-10,USD,1.150927
2026-04-13,CHF,0.985125
2026-04-13,GBP,0.724464
2026-04-13,USD,1.143192
2026-04-14,CHF,0.985312
2026-04-14,GBP,0.721503
2026-04-14,USD,1.147852
2026-04-15,CHF,0.982497
2026-04-15,GBP,0.725401
2026-04-15,USD,1.151514
2026-04-16,CHF,0.985466
2026-04-16,GBP,0.724792
2026-04-16,USD,1.150407
2026-04-17,CHF,0.988340
2026-04-17,GBP,0.728082
2026-04-17,USD,1.145492
2026-04-20,CHF,0.988110
2026-04-20,GBP,0.723784
2026-04-20,USD,1.140881
2026-04-21,CHF,0.983263
2026-04-21,GBP,0.718860
2026-04-21,USD,1.141883
2026-04-22,CHF,0.985760
2026-04-22,GBP,0.717289
2026-04-22,USD,1.146201
2026-04-23,CHF,0.984432
2026-04-23,GBP,0.716205
2026-04-23,USD,1.139056
2026-04-24,CHF,0.987308
2026-04-24,GBP,0.718327
2026-04-24,USD,1.141683
2026-04-27,CHF,0.987397
2026-04-27,GBP,0.723440
2026-04-27,USD,1.148671
2026-04-28,CHF,0.985664
2026-04-28,GBP,0.725385
2026-04-28,USD,1.151838
2026-04-29,CHF,0.984838
2026-04-29,GBP,0.722412
2026-04-29,USD,1.147404
2026-04-30,CHF,0.983440
2026-04-30,GBP,0.721860
2026-04-30,USD,1.148827
2026-05-01,CHF,0.978825
2026-05-01,GBP,0.720961
2026-05-01,USD,1.146967
2026-05-04,CHF,0.980071
2026-05-04,GBP,0.717945
2026-05-04,USD,1.148084
2026-05-05,CHF,0.978803
2026-05-05,GBP,0.719801
2026-05-05,USD,1.148219
2026-05-06,CHF,0.977863
2026-05-06,GBP,0.717150
2026-05-06,USD,1.147729
2026-05-07,CHF,0.973818
2026-05-07,GBP,0.715900
2026-05-07,USD,1.151852
2026-05-08,CHF,0.975596
2026-05-08,GBP,0.717682
2026-05-08,USD,1.151853
2026-05-11,CHF,0.972561
2026-05-11,GBP,0.718362
2026-05-11,USD,1.140593
2026-05-12,CHF,0.976637
2026-05-12,GBP,0.721904
2026-05-12,USD,1.140723
2026-05-13,CHF,0.978766
2026-05-13,GBP,0.725387
2026-05-13,USD,1.143948
2026-05-14,CHF,0.976060
2026-05-14,GBP,0.722430
2026-05-14,USD,1.135234
2026-05-15,CHF,0.974192
2026-05-15,GBP,0.723555
2026-05-15,USD,1.130126
2026-05-18,CHF,0.975113
2026-05-18,GBP,0.721572
2026-05-18,USD,1.130750
2026-05-19,CHF,0.974516
2026-05-19,GBP,0.724012
2026-05-19,USD,1.134486
2026-05-20,CHF,0.972566
2026-05-20,GBP,0.724969
2026-05-20,USD,1.135472
2026-05-21,CHF,0.972497
2026-05-21,GBP,0.725171
2026-05-21,USD,1.134076
2026-05-22,CHF,0.970516
2026-05-22,GBP,0.723071
2026-05-22,USD,1.140720
2026-05-25,CHF,0.971266
2026-05-25,GBP,0.724713
2026-05-25,USD,1.142087
2026-05-26,CHF,0.967822
2026-05-26,GBP,0.722590
2026-05-26,USD,1.138189
2026-05-27,CHF,0.967174
2026-05-27,GBP,0.723975
2026-05-27,USD,1.136078
2026-05-28,CHF,0.967960
2026-05-28,GBP,0.725380
2026-05-28,USD,1.125977
2026-05-29,CHF,0.971090
2026-05-29,GBP,0.728503
2026-05-29,USD,1.114282
2026-06-01,CHF,0.968169
2026-06-01,GBP,0.729447
2026-06-01,USD,1.110499
2026-06-02,CHF,0.966750
2026-06-02,GBP,0.725674
2026-06-02,USD,1.117215
2026-06-03,CHF,0.965093
2026-06-03,GBP,0.727922
2026-06-03,USD,1.111456
2026-06-04,CHF,0.962891
2026-06-04,GBP,0.729660
2026-06-04,USD,1.108847
2026-06-05,CHF,0.963026
2026-06-05,GBP,0.730418
2026-06-05,USD,1.108822
2026-06-08,CHF,0.961076
2026-06-08,GBP,0.732252
2026-06-08,USD,1.112169
2026-06-09,CHF,0.962431
2026-06-09,GBP,0.733971
2026-06-09,USD,1.113405
2026-06-10,CHF,0.961953
2026-06-10,GBP,0.736324
2026-06-10,USD,1.113227
2026-06-11,CHF,0.961768
2026-06-11,GBP,0.731448
2026-06-11,USD,1.103357
2026-06-12,CHF,0.961884
2026-06-12,GBP,0.733151
2026-06-12,USD,1.098096
2026-06-15,CHF,0.965079
2026-06-15,GBP,0.733560
2026-06-15,USD,1.099356
2026-06-16,CHF,0.966456
2026-06-16,GBP,0.737437
2026-06-16,USD,1.099336
2026-06-17,CHF,0.966761
2026-06-17,GBP,0.736295
2026-06-17,USD,1.105977
2026-06-18,CHF,0.966888
2026-06-18,GBP,0.734844
2026-06-18,USD,1.110622
2026-06-19,CHF,0.969683
2026-06-19,GBP,0.740232
2026-06-19,USD,1.117103
2026-06-22,CHF,0.971554
2026-06-22,GBP,0.741432
2026-06-22,USD,1.115735
2026-06-23,CHF,0.974142
2026-06-23,GBP,0.743508
2026-06-23,USD,1.111736
2026-06-24,CHF,0.974825
2026-06-24,GBP,0.741968
2026-06-24,USD,1.104821
2026-06-25,CHF,0.972490
2026-06-25,GBP,0.743079
2026-06-25,USD,1.104278
2026-06-26,CHF,0.974742
2026-06-26,GBP,0.742988
2026-06-26,USD,1.101138
2026-06-29,CHF,0.976465
2026-06-29,GBP,0.740588
2026-06-29,USD,1.105385
2026-06-30,CHF,0.976964
2026-06-30,GBP,0.735432
2026-06-30,USD,1.099789
2026-07-01,CHF,0.979692
2026-07-01,GBP,0.738375
2026-07-01,USD,1.101981
2026-07-02,CHF,0.981459
2026-07-02,GBP,0.736109
2026-07-02,USD,1.101594
2026-07-03,CHF,0.982766
2026-07-03,GBP,0.739982
2026-07-03,USD,1.102980
2026-07-06,CHF,0.987372
2026-07-06,GBP,0.738562
2026-07-06,USD,1.099375
2026-07-07,CHF,0.987842
2026-07-07,GBP,0.738380
2026-07-07,USD,1.099149
2026-07-08,CHF,0.989199
2026-07-08,GBP,0.737642
2026-07-08,USD,1.098903
2026-07-09,CHF,0.991453
2026-07-09,GBP,0.739701
2026-07-09,USD,1.108559
2026-07-10,CHF,0.991455
2026-07-10,GBP,0.738478
2026-07-10,USD,1.102610
2026-07-13,CHF,0.991893
2026-07-13,GBP,0.738427
2026-07-13,USD,1.096654
2026-07-14,CHF,0.988544
2026-07-14,GBP,0.740894
2026-07-14,USD,1.093264
2026-07-15,CHF,0.990717
2026-07-15,GBP,0.743635
2026-07-15,USD,1.091088
2026-07-16,CHF,0.993525
2026-07-16,GBP,0.741841
2026-07-16,USD,1.099138
2026-07-17,CHF,0.993587
2026-07-17,GBP,0.741114
2026-07-17,USD,1.096431
2026-07-20,CHF,0.997158
2026-07-20,GBP,0.739100
2026-07-20,USD,1.091100
2026-07-21,CHF,0.994184
2026-07-21,GBP,0.737749
2026-07-21,USD,1.085297
2026-07-22,CHF,0.993277
2026-07-22,GBP,0.740149
2026-07-22,USD,1.094380
2026-07-23,CHF,0.992446
2026-07-23,GBP,0.744211
2026-07-23,USD,1.100643
2026-07-24,CHF,0.995676
2026-07-24,GBP,0.746382
2026-07-24,USD,1.103002
