week_start,week_of_year,inflow_eur
2023-01-02,1,48250.24
2023-01-09,2,50205.77
2023-01-16,3,50980.31
2023-01-23,4,45447.81
2023-01-30,5,47604.01
2023-02-06,6,44581.57
2023-02-13,7,45319.79
2023-02-20,8,47261.07
2023-02-27,9,44565.67
2023-03-06,10,42509.85
2023-03-13,11,42447.56
2023-03-20,12,43259.32
2023-03-27,13,40761.29
2023-04-03,14,37132.94
2023-04-10,15,39834.52
2023-04-17,16,39501.79
2023-04-24,17,37626.08
2023-05-01,18,38043.54
2023-05-08,19,35745.78
2023-05-15,20,36677.49
2023-05-22,21,35088.31
2023-05-29,22,36681.68
2023-06-05,23,34986.56
2023-06-12,24,36117.47
2023-06-19,25,34838.88
2023-06-26,26,34353.64
2023-07-03,27,35216.08
2023-07-10,28,36315.81
2023-07-17,29,35449.14
2023-07-24,30,36127.40
2023-07-31,31,38301.24
2023-08-07,32,36391.55
2023-08-14,33,38020.93
2023-08-21,34,40865.80
2023-08-28,35,40146.70
2023-09-04,36,43382.69
2023-09-11,37,44106.43
2023-09-18,38,40912.93
2023-09-25,39,41337.62
2023-10-02,40,45169.06
2023-10-09,41,46489.98
2023-10-16,42,46505.98
2023-10-23,43,45203.58
2023-10-30,44,49984.49
2023-11-06,45,50142.93
2023-11-13,46,49059.69
2023-11-20,47,47501.70
2023-11-27,48,46438.60
2023-12-04,49,48916.48
2023-12-11,50,48493.60
2023-12-18,51,49821.86
2023-12-25,52,52081.79
2024-01-01,1,49336.26
2024-01-08,2,48776.82
2024-01-15,3,46465.96
2024-01-22,4,46291.23
2024-01-29,5,46976.20
2024-02-05,6,46268.90
2024-02-12,7,46103.46
2024-02-19,8,44532.08
2024-02-26,9,42338.25
2024-03-04,10,43237.08
2024-03-11,11,42298.27
2024-03-18,12,42047.30
2024-03-25,13,38755.36
2024-04-01,14,40436.75
2024-04-08,15,39860.36
2024-04-15,16,38663.99
2024-04-22,17,38432.20
2024-04-29,18,36436.63
2024-05-06,19,34089.90
2024-05-13,20,37423.67
2024-05-20,21,33982.54
2024-05-27,22,34394.42
2024-06-03,23,35456.15
2024-06-10,24,36354.44
2024-06-17,25,36467.72
2024-06-24,26,33868.97
2024-07-01,27,34393.72
2024-07-08,28,33404.53
2024-07-15,29,37698.13
2024-07-22,30,36885.39
2024-07-29,31,35607.48
2024-08-05,32,38333.24
2024-08-12,33,38871.26
2024-08-19,34,38896.04
2024-08-26,35,40432.03
2024-09-02,36,42643.36
2024-09-09,37,43327.32
2024-09-16,38,42706.99
2024-09-23,39,43463.37
2024-09-30,40,44526.12
2024-10-07,41,44502.21
2024-10-14,42,48443.25
2024-10-21,43,48306.83
2024-10-28,44,46643.60
2024-11-04,45,46384.03
2024-11-11,46,47385.60
2024-11-18,47,51165.09
2024-11-25,48,50912.12
2024-12-02,49,51728.89
2024-12-09,50,52317.05
2024-12-16,51,49090.59
2024-12-23,52,50523.98
2024-12-30,1,46218.42
2025-01-06,2,46893.54
2025-01-13,3,50618.69
2025-01-20,4,48880.06
2025-01-27,5,44681.53
2025-02-03,6,44452.15
2025-02-10,7,45294.91
2025-02-17,8,43432.06
2025-02-24,9,44708.21
2025-03-03,10,41819.97
2025-03-10,11,41489.55
2025-03-17,12,42424.80
2025-03-24,13,41632.97
2025-03-31,14,37134.80
2025-04-07,15,36538.25
2025-04-14,16,38584.33
2025-04-21,17,35685.83
2025-04-28,18,35651.81
2025-05-05,19,33640.57
2025-05-12,20,33596.31
2025-05-19,21,35324.19
2025-05-26,22,34167.04
2025-06-02,23,34392.04
2025-06-09,24,33294.84
2025-06-16,25,33270.45
2025-06-23,26,33105.12
2025-06-30,27,33692.01
2025-07-07,28,33416.17
2025-07-14,29,34978.52
2025-07-21,30,34683.33
2025-07-28,31,37268.54
2025-08-04,32,39737.86
2025-08-11,33,38238.58
2025-08-18,34,38238.36
2025-08-25,35,40046.82
2025-09-01,36,42454.02
2025-09-08,37,41497.97
2025-09-15,38,43778.24
2025-09-22,39,41607.94
2025-09-29,40,42908.46
2025-10-06,41,45042.92
2025-10-13,42,47331.68
2025-10-20,43,48472.14
2025-10-27,44,49347.79
2025-11-03,45,45582.60
2025-11-10,46,51016.05
2025-11-17,47,46171.81
2025-11-24,48,51048.40
2025-12-01,49,50046.90
2025-12-08,50,49865.38
2025-12-15,51,48587.31
2025-12-22,52,50674.31
2025-12-29,1,46985.84
2026-01-05,2,49560.68
2026-01-12,3,47025.49
2026-01-19,4,49318.99
2026-01-26,5,47495.83
2026-02-02,6,48287.47
2026-02-09,7,48016.19
2026-02-16,8,42111.37
2026-02-23,9,41687.90
2026-03-02,10,44527.84
2026-03-09,11,44004.12
2026-03-16,12,42426.10
2026-03-23,13,38061.34
2026-03-30,14,39460.63
2026-04-06,15,37206.63
2026-04-13,16,39009.19
2026-04-20,17,36359.45
2026-04-27,18,38438.66
2026-05-04,19,34259.73
2026-05-11,20,35457.20
2026-05-18,21,34806.95
2026-05-25,22,32943.36
2026-06-01,23,34179.66
2026-06-08,24,35114.27
2026-06-15,25,36036.05
2026-06-22,26,35221.25
2026-06-29,27,34491.28
2026-07-06,28,36383.70
2026-07-13,29,36365.38
2026-07-20,30,38044.42
2026-07-27,31,37326.19
2026-08-03,32,38838.17
2026-08-10,33,37401.64
2026-08-17,34,41340.43
2026-08-24,35,37821.04
2026-08-31,36,42000.66
2026-09-07,37,39972.64
2026-09-14,38,45154.44
2026-09-21,39,45448.06
2026-09-28,40,45351.33
2026-10-05,41,47580.61
2026-10-12,42,43572.04
2026-10-19,43,47871.39
2026-10-26,44,50262.25
2026-11-02,45,47061.08
2026-11-09,46,47035.75
2026-11-16,47,46556.03
2026-11-23,48,48735.30
2026-11-30,49,50132.57
2026-12-07,50,52044.44
2026-12-14,51,51845.59
2026-12-21,52,48801.30
