partner_id,due_date,paid_date,delay_days
BP-001,2023-01-02,2023-01-05,3
BP-002,2023-01-03,2022-12-31,-3
BP-003,2023-01-04,2023-01-05,1
BP-004,2023-01-05,2023-01-14,9
BP-005,2023-01-06,2023-01-17,11
BP-006,2023-01-02,2023-01-01,-1
BP-004,2023-01-09,2023-01-23,14
BP-005,2023-01-10,2023-01-18,8
BP-006,2023-01-11,2023-01-07,-4
BP-001,2023-01-12,2023-01-17,5
BP-002,2023-01-13,2023-01-12,-1
BP-003,2023-01-09,2023-01-10,1
BP-001,2023-01-16,2023-01-20,4
BP-002,2023-01-17,2023-01-16,-1
BP-003,2023-01-18,2023-01-23,5
BP-004,2023-01-19,2023-01-27,8
BP-005,2023-01-20,2023-01-26,6
BP-006,2023-01-16,2023-01-15,-1
BP-004,2023-01-23,2023-02-12,20
BP-005,2023-01-24,2023-01-29,5
BP-006,2023-01-25,2023-01-24,-1
BP-001,2023-01-26,2023-02-01,6
BP-002,2023-01-27,2023-01-27,0
BP-003,2023-01-23,2023-01-24,1
BP-001,2023-01-30,2023-02-01,2
BP-002,2023-01-31,2023-01-30,-1
BP-003,2023-02-01,2023-02-03,2
BP-004,2023-02-02,2023-02-15,13
BP-005,2023-02-03,2023-02-10,7
BP-006,2023-01-30,2023-01-27,-3
BP-004,2023-02-06,2023-02-22,16
BP-005,2023-02-07,2023-02-19,12
BP-006,2023-02-08,2023-02-04,-4
BP-001,2023-02-09,2023-02-15,6
BP-002,2023-02-10,2023-02-08,-2
BP-003,2023-02-06,2023-02-08,2
BP-001,2023-02-13,2023-02-15,2
BP-002,2023-02-14,2023-02-11,-3
BP-003,2023-02-15,2023-02-17,2
BP-004,2023-02-16,2023-02-25,9
BP-005,2023-02-17,2023-02-22,5
BP-006,2023-02-13,2023-02-12,-1
BP-004,2023-02-20,2023-03-12,20
BP-005,2023-02-21,2023-03-02,9
BP-006,2023-02-22,2023-02-20,-2
BP-001,2023-02-23,2023-02-27,4
BP-002,2023-02-24,2023-02-21,-3
BP-003,2023-02-20,2023-02-23,3
BP-001,2023-02-27,2023-03-05,6
BP-002,2023-02-28,2023-02-24,-4
BP-003,2023-03-01,2023-03-03,2
BP-004,2023-03-02,2023-03-10,8
BP-005,2023-03-03,2023-03-13,10
BP-006,2023-02-27,2023-02-24,-3
BP-004,2023-03-06,2023-03-13,7
BP-005,2023-03-07,2023-03-12,5
BP-006,2023-03-08,2023-03-04,-4
BP-001,2023-03-09,2023-03-12,3
BP-002,2023-03-10,2023-03-07,-3
BP-003,2023-03-06,2023-03-09,3
BP-001,2023-03-13,2023-03-17,4
BP-002,2023-03-14,2023-03-11,-3
BP-003,2023-03-15,2023-03-17,2
BP-004,2023-03-16,2023-03-28,12
BP-005,2023-03-17,2023-03-27,10
BP-006,2023-03-13,2023-03-08,-5
BP-004,2023-03-20,2023-03-31,11
BP-005,2023-03-21,2023-04-01,11
BP-006,2023-03-22,2023-03-20,-2
BP-001,2023-03-23,2023-03-29,6
BP-002,2023-03-24,2023-03-22,-2
BP-003,2023-03-20,2023-03-22,2
BP-001,2023-03-27,2023-03-28,1
BP-002,2023-03-28,2023-03-27,-1
BP-003,2023-03-29,2023-03-28,-1
BP-004,2023-03-30,2023-04-16,17
BP-005,2023-03-31,2023-04-05,5
BP-006,2023-03-27,2023-03-24,-3
BP-004,2023-04-03,2023-04-14,11
BP-005,2023-04-04,2023-04-08,4
BP-006,2023-04-05,2023-04-03,-2
BP-001,2023-04-06,2023-04-07,1
BP-002,2023-04-07,2023-04-06,-1
BP-003,2023-04-03,2023-04-07,4
BP-001,2023-04-10,2023-04-14,4
BP-002,2023-04-11,2023-04-07,-4
BP-003,2023-04-12,2023-04-13,1
BP-004,2023-04-13,2023-04-25,12
BP-005,2023-04-14,2023-04-24,10
BP-006,2023-04-10,2023-04-08,-2
BP-004,2023-04-17,2023-04-26,9
BP-005,2023-04-18,2023-04-27,9
BP-006,2023-04-19,2023-04-17,-2
BP-001,2023-04-20,2023-04-26,6
BP-002,2023-04-21,2023-04-19,-2
BP-003,2023-04-17,2023-04-16,-1
BP-001,2023-04-24,2023-04-30,6
BP-002,2023-04-25,2023-04-22,-3
BP-003,2023-04-26,2023-04-26,0
BP-004,2023-04-27,2023-05-11,14
BP-005,2023-04-28,2023-05-08,10
BP-006,2023-04-24,2023-04-21,-3
BP-004,2023-05-01,2023-05-13,12
BP-005,2023-05-02,2023-05-13,11
BP-006,2023-05-03,2023-04-29,-4
BP-001,2023-05-04,2023-05-07,3
BP-002,2023-05-05,2023-05-03,-2
BP-003,2023-05-01,2023-05-06,5
BP-001,2023-05-08,2023-05-10,2
BP-002,2023-05-09,2023-05-07,-2
BP-003,2023-05-10,2023-05-10,0
BP-004,2023-05-11,2023-05-27,16
BP-005,2023-05-12,2023-05-21,9
BP-006,2023-05-08,2023-05-04,-4
BP-004,2023-05-15,2023-05-20,5
BP-005,2023-05-16,2023-05-23,7
BP-006,2023-05-17,2023-05-15,-2
BP-001,2023-05-18,2023-05-21,3
BP-002,2023-05-19,2023-05-19,0
BP-003,2023-05-15,2023-05-15,0
BP-001,2023-05-22,2023-05-29,7
BP-002,2023-05-23,2023-05-22,-1
BP-003,2023-05-24,2023-05-23,-1
BP-004,2023-05-25,2023-06-02,8
BP-005,2023-05-26,2023-06-06,11
BP-006,2023-05-22,2023-05-20,-2
BP-004,2023-05-29,2023-06-17,19
BP-005,2023-05-30,2023-06-10,11
BP-006,2023-05-31,2023-05-28,-3
BP-001,2023-06-01,2023-06-06,5
BP-002,2023-06-02,2023-05-31,-2
BP-003,2023-05-29,2023-05-29,0
BP-001,2023-06-05,2023-06-09,4
BP-002,2023-06-06,2023-06-05,-1
BP-003,2023-06-07,2023-06-11,4
BP-004,2023-06-08,2023-06-25,17
BP-005,2023-06-09,2023-06-15,6
BP-006,2023-06-05,2023-06-04,-1
BP-004,2023-06-12,2023-06-23,11
BP-005,2023-06-13,2023-06-22,9
BP-006,2023-06-14,2023-06-10,-4
BP-001,2023-06-15,2023-06-20,5
BP-002,2023-06-16,2023-06-12,-4
BP-003,2023-06-12,2023-06-12,0
BP-001,2023-06-19,2023-06-25,6
BP-002,2023-06-20,2023-06-17,-3
BP-003,2023-06-21,2023-06-23,2
BP-004,2023-06-22,2023-07-09,17
BP-005,2023-06-23,2023-06-30,7
BP-006,2023-06-19,2023-06-15,-4
BP-004,2023-06-26,2023-07-14,18
BP-005,2023-06-27,2023-07-06,9
BP-006,2023-06-28,2023-06-23,-5
BP-001,2023-06-29,2023-07-06,7
BP-002,2023-06-30,2023-06-26,-4
BP-003,2023-06-26,2023-06-27,1
BP-001,2023-07-03,2023-07-04,1
BP-002,2023-07-04,2023-07-01,-3
BP-003,2023-07-05,2023-07-04,-1
BP-004,2023-07-06,2023-07-22,16
BP-005,2023-07-07,2023-07-11,4
BP-006,2023-07-03,2023-06-28,-5
BP-004,2023-07-10,2023-07-23,13
BP-005,2023-07-11,2023-07-21,10
BP-006,2023-07-12,2023-07-10,-2
BP-001,2023-07-13,2023-07-16,3
BP-002,2023-07-14,2023-07-12,-2
BP-003,2023-07-10,2023-07-10,0
BP-001,2023-07-17,2023-07-19,2
BP-002,2023-07-18,2023-07-16,-2
BP-003,2023-07-19,2023-07-21,2
BP-004,2023-07-20,2023-07-25,5
BP-005,2023-07-21,2023-07-24,3
BP-006,2023-07-17,2023-07-14,-3
BP-004,2023-07-24,2023-08-03,10
BP-005,2023-07-25,2023-08-03,9
BP-006,2023-07-26,2023-07-24,-2
BP-001,2023-07-27,2023-07-28,1
BP-002,2023-07-28,2023-07-26,-2
BP-003,2023-07-24,2023-07-24,0
BP-001,2023-07-31,2023-08-06,6
BP-002,2023-08-01,2023-07-29,-3
BP-003,2023-08-02,2023-08-02,0
BP-004,2023-08-03,2023-08-17,14
BP-005,2023-08-04,2023-08-13,9
BP-006,2023-07-31,2023-07-27,-4
BP-004,2023-08-07,2023-08-20,13
BP-005,2023-08-08,2023-08-13,5
BP-006,2023-08-09,2023-08-06,-3
BP-001,2023-08-10,2023-08-15,5
BP-002,2023-08-11,2023-08-11,0
BP-003,2023-08-07,2023-08-12,5
BP-001,2023-08-14,2023-08-17,3
BP-002,2023-08-15,2023-08-12,-3
BP-003,2023-08-16,2023-08-19,3
BP-004,2023-08-17,2023-08-25,8
BP-005,2023-08-18,2023-08-23,5
BP-006,2023-08-14,2023-08-11,-3
BP-004,2023-08-21,2023-09-02,12
BP-005,2023-08-22,2023-08-30,8
BP-006,2023-08-23,2023-08-18,-5
BP-001,2023-08-24,2023-08-28,4
BP-002,2023-08-25,2023-08-22,-3
BP-003,2023-08-21,2023-08-21,0
BP-001,2023-08-28,2023-08-29,1
BP-002,2023-08-29,2023-08-26,-3
BP-003,2023-08-30,2023-09-02,3
BP-004,2023-08-31,2023-09-07,7
BP-005,2023-09-01,2023-09-11,10
BP-006,2023-08-28,2023-08-24,-4
BP-004,2023-09-04,2023-09-23,19
BP-005,2023-09-05,2023-09-13,8
BP-006,2023-09-06,2023-09-04,-2
BP-001,2023-09-07,2023-09-12,5
BP-002,2023-09-08,2023-09-07,-1
BP-003,2023-09-04,2023-09-06,2
BP-001,2023-09-11,2023-09-18,7
BP-002,2023-09-12,2023-09-08,-4
BP-003,2023-09-13,2023-09-15,2
BP-004,2023-09-14,2023-10-01,17
BP-005,2023-09-15,2023-09-23,8
BP-006,2023-09-11,2023-09-07,-4
BP-004,2023-09-18,2023-10-04,16
BP-005,2023-09-19,2023-09-25,6
BP-006,2023-09-20,2023-09-18,-2
BP-001,2023-09-21,2023-09-25,4
BP-002,2023-09-22,2023-09-19,-3
BP-003,2023-09-18,2023-09-20,2
BP-001,2023-09-25,2023-09-28,3
BP-002,2023-09-26,2023-09-26,0
BP-003,2023-09-27,2023-09-28,1
BP-004,2023-09-28,2023-10-04,6
BP-005,2023-09-29,2023-10-11,12
BP-006,2023-09-25,2023-09-21,-4
BP-004,2023-10-02,2023-10-11,9
BP-005,2023-10-03,2023-10-12,9
BP-006,2023-10-04,2023-10-01,-3
BP-001,2023-10-05,2023-10-08,3
BP-002,2023-10-06,2023-10-06,0
BP-003,2023-10-02,2023-10-01,-1
BP-001,2023-10-09,2023-10-13,4
BP-002,2023-10-10,2023-10-06,-4
BP-003,2023-10-11,2023-10-11,0
BP-004,2023-10-12,2023-10-18,6
BP-005,2023-10-13,2023-10-21,8
BP-006,2023-10-09,2023-10-06,-3
BP-004,2023-10-16,2023-10-24,8
BP-005,2023-10-17,2023-10-28,11
BP-006,2023-10-18,2023-10-15,-3
BP-001,2023-10-19,2023-10-23,4
BP-002,2023-10-20,2023-10-18,-2
BP-003,2023-10-16,2023-10-20,4
BP-001,2023-10-23,2023-10-26,3
BP-002,2023-10-24,2023-10-22,-2
BP-003,2023-10-25,2023-10-26,1
BP-004,2023-10-26,2023-11-09,14
BP-005,2023-10-27,2023-10-31,4
BP-006,2023-10-23,2023-10-21,-2
BP-004,2023-10-30,2023-11-18,19
BP-005,2023-10-31,2023-11-03,3
BP-006,2023-11-01,2023-10-28,-4
BP-001,2023-11-02,2023-11-09,7
BP-002,2023-11-03,2023-10-31,-3
BP-003,2023-10-30,2023-11-02,3
BP-001,2023-11-06,2023-11-08,2
BP-002,2023-11-07,2023-11-03,-4
BP-003,2023-11-08,2023-11-10,2
BP-004,2023-11-09,2023-11-20,11
BP-005,2023-11-10,2023-11-14,4
BP-006,2023-11-06,2023-11-04,-2
BP-004,2023-11-13,2023-11-22,9
BP-005,2023-11-14,2023-11-20,6
BP-006,2023-11-15,2023-11-12,-3
BP-001,2023-11-16,2023-11-23,7
BP-002,2023-11-17,2023-11-14,-3
BP-003,2023-11-13,2023-11-15,2
BP-001,2023-11-20,2023-11-26,6
BP-002,2023-11-21,2023-11-17,-4
BP-003,2023-11-22,2023-11-22,0
BP-004,2023-11-23,2023-12-09,16
BP-005,2023-11-24,2023-12-02,8
BP-006,2023-11-20,2023-11-17,-3
BP-004,2023-11-27,2023-12-11,14
BP-005,2023-11-28,2023-12-07,9
BP-006,2023-11-29,2023-11-27,-2
BP-001,2023-11-30,2023-12-04,4
BP-002,2023-12-01,2023-11-28,-3
BP-003,2023-11-27,2023-11-30,3
BP-001,2023-12-04,2023-12-10,6
BP-002,2023-12-05,2023-12-04,-1
BP-003,2023-12-06,2023-12-06,0
BP-004,2023-12-07,2023-12-19,12
BP-005,2023-12-08,2023-12-19,11
BP-006,2023-12-04,2023-12-03,-1
BP-004,2023-12-11,2023-12-16,5
BP-005,2023-12-12,2023-12-14,2
BP-006,2023-12-13,2023-12-11,-2
BP-001,2023-12-14,2023-12-16,2
BP-002,2023-12-15,2023-12-12,-3
BP-003,2023-12-11,2023-12-14,3
BP-001,2023-12-18,2023-12-25,7
BP-002,2023-12-19,2023-12-18,-1
BP-003,2023-12-20,2023-12-25,5
BP-004,2023-12-21,2024-01-07,17
BP-005,2023-12-22,2024-01-02,11
BP-006,2023-12-18,2023-12-15,-3
BP-004,2023-12-25,2023-12-30,5
BP-005,2023-12-26,2024-01-01,6
BP-006,2023-12-27,2023-12-23,-4
BP-001,2023-12-28,2023-12-31,3
BP-002,2023-12-29,2023-12-27,-2
BP-003,2023-12-25,2023-12-28,3
BP-001,2024-01-01,2024-01-06,5
BP-002,2024-01-02,2023-12-31,-2
BP-003,2024-01-03,2024-01-07,4
BP-004,2024-01-04,2024-01-10,6
BP-005,2024-01-05,2024-01-16,11
BP-006,2024-01-01,2023-12-28,-4
BP-004,2024-01-08,2024-01-23,15
BP-005,2024-01-09,2024-01-11,2
BP-006,2024-01-10,2024-01-09,-1
BP-001,2024-01-11,2024-01-17,6
BP-002,2024-01-12,2024-01-11,-1
BP-003,2024-01-08,2024-01-08,0
BP-001,2024-01-15,2024-01-21,6
BP-002,2024-01-16,2024-01-13,-3
BP-003,2024-01-17,2024-01-21,4
BP-004,2024-01-18,2024-01-31,13
BP-005,2024-01-19,2024-01-30,11
BP-006,2024-01-15,2024-01-11,-4
BP-004,2024-01-22,2024-01-31,9
BP-005,2024-01-23,2024-01-26,3
BP-006,2024-01-24,2024-01-19,-5
BP-001,2024-01-25,2024-01-29,4
BP-002,2024-01-26,2024-01-24,-2
BP-003,2024-01-22,2024-01-23,1
BP-001,2024-01-29,2024-02-02,4
BP-002,2024-01-30,2024-01-27,-3
BP-003,2024-01-31,2024-02-04,4
BP-004,2024-02-01,2024-02-10,9
BP-005,2024-02-02,2024-02-13,11
BP-006,2024-01-29,2024-01-26,-3
BP-004,2024-02-05,2024-02-11,6
BP-005,2024-02-06,2024-02-15,9
BP-006,2024-02-07,2024-02-03,-4
BP-001,2024-02-08,2024-02-13,5
BP-002,2024-02-09,2024-02-07,-2
BP-003,2024-02-05,2024-02-10,5
BP-001,2024-02-12,2024-02-17,5
BP-002,2024-02-13,2024-02-09,-4
BP-003,2024-02-14,2024-02-18,4
BP-004,2024-02-15,2024-02-21,6
BP-005,2024-02-16,2024-02-27,11
BP-006,2024-02-12,2024-02-08,-4
BP-004,2024-02-19,2024-03-09,19
BP-005,2024-02-20,2024-03-02,11
BP-006,2024-02-21,2024-02-19,-2
BP-001,2024-02-22,2024-02-24,2
BP-002,2024-02-23,2024-02-22,-1
BP-003,2024-02-19,2024-02-20,1
BP-001,2024-02-26,2024-03-04,7
BP-002,2024-02-27,2024-02-24,-3
BP-003,2024-02-28,2024-02-28,0
BP-004,2024-02-29,2024-03-10,10
BP-005,2024-03-01,2024-03-13,12
BP-006,2024-02-26,2024-02-22,-4
BP-004,2024-03-04,2024-03-09,5
BP-005,2024-03-05,2024-03-17,12
BP-006,2024-03-06,2024-03-04,-2
BP-001,2024-03-07,2024-03-11,4
BP-002,2024-03-08,2024-03-07,-1
BP-003,2024-03-04,2024-03-05,1
BP-001,2024-03-11,2024-03-14,3
BP-002,2024-03-12,2024-03-10,-2
BP-003,2024-03-13,2024-03-17,4
BP-004,2024-03-14,2024-03-28,14
BP-005,2024-03-15,2024-03-25,10
BP-006,2024-03-11,2024-03-07,-4
BP-004,2024-03-18,2024-04-05,18
BP-005,2024-03-19,2024-03-27,8
BP-006,2024-03-20,2024-03-18,-2
BP-001,2024-03-21,2024-03-28,7
BP-002,2024-03-22,2024-03-19,-3
BP-003,2024-03-18,2024-03-21,3
BP-001,2024-03-25,2024-03-28,3
BP-002,2024-03-26,2024-03-24,-2
BP-003,2024-03-27,2024-03-30,3
BP-004,2024-03-28,2024-04-16,19
BP-005,2024-03-29,2024-04-08,10
BP-006,2024-03-25,2024-03-23,-2
BP-004,2024-04-01,2024-04-08,7
BP-005,2024-04-02,2024-04-10,8
BP-006,2024-04-03,2024-03-29,-5
BP-001,2024-04-04,2024-04-06,2
BP-002,2024-04-05,2024-04-02,-3
BP-003,2024-04-01,2024-04-05,4
BP-001,2024-04-08,2024-04-12,4
BP-002,2024-04-09,2024-04-08,-1
BP-003,2024-04-10,2024-04-15,5
BP-004,2024-04-11,2024-04-29,18
BP-005,2024-04-12,2024-04-16,4
BP-006,2024-04-08,2024-04-03,-5
BP-004,2024-04-15,2024-04-24,9
BP-005,2024-04-16,2024-04-27,11
BP-006,2024-04-17,2024-04-15,-2
BP-001,2024-04-18,2024-04-21,3
BP-002,2024-04-19,2024-04-16,-3
BP-003,2024-04-15,2024-04-18,3
BP-001,2024-04-22,2024-04-27,5
BP-002,2024-04-23,2024-04-22,-1
BP-003,2024-04-24,2024-04-27,3
BP-004,2024-04-25,2024-05-09,14
BP-005,2024-04-26,2024-05-03,7
BP-006,2024-04-22,2024-04-20,-2
BP-004,2024-04-29,2024-05-08,9
BP-005,2024-04-30,2024-05-12,12
BP-006,2024-05-01,2024-04-29,-2
BP-001,2024-05-02,2024-05-07,5
BP-002,2024-05-03,2024-05-03,0
BP-003,2024-04-29,2024-05-03,4
BP-001,2024-05-06,2024-05-13,7
BP-002,2024-05-07,2024-05-05,-2
BP-003,2024-05-08,2024-05-13,5
BP-004,2024-05-09,2024-05-24,15
BP-005,2024-05-10,2024-05-16,6
BP-006,2024-05-06,2024-05-02,-4
BP-004,2024-05-13,2024-05-18,5
BP-005,2024-05-14,2024-05-26,12
BP-006,2024-05-15,2024-05-12,-3
BP-001,2024-05-16,2024-05-17,1
BP-002,2024-05-17,2024-05-17,0
BP-003,2024-05-13,2024-05-18,5
BP-001,2024-05-20,2024-05-24,4
BP-002,2024-05-21,2024-05-20,-1
BP-003,2024-05-22,2024-05-22,0
BP-004,2024-05-23,2024-06-06,14
BP-005,2024-05-24,2024-06-02,9
BP-006,2024-05-20,2024-05-19,-1
BP-004,2024-05-27,2024-06-03,7
BP-005,2024-05-28,2024-06-06,9
BP-006,2024-05-29,2024-05-26,-3
BP-001,2024-05-30,2024-06-03,4
BP-002,2024-05-31,2024-05-28,-3
BP-003,2024-05-27,2024-05-26,-1
BP-001,2024-06-03,2024-06-04,1
BP-002,2024-06-04,2024-06-03,-1
BP-003,2024-06-05,2024-06-06,1
BP-004,2024-06-06,2024-06-11,5
BP-005,2024-06-07,2024-06-17,10
BP-006,2024-06-03,2024-05-31,-3
BP-004,2024-06-10,2024-06-22,12
BP-005,2024-06-11,2024-06-18,7
BP-006,2024-06-12,2024-06-11,-1
BP-001,2024-06-13,2024-06-17,4
BP-002,2024-06-14,2024-06-12,-2
BP-003,2024-06-10,2024-06-09,-1
BP-001,2024-06-17,2024-06-20,3
BP-002,2024-06-18,2024-06-15,-3
BP-003,2024-06-19,2024-06-20,1
BP-004,2024-06-20,2024-07-06,16
BP-005,2024-06-21,2024-06-25,4
BP-006,2024-06-17,2024-06-13,-4
BP-004,2024-06-24,2024-07-05,11
BP-005,2024-06-25,2024-07-05,10
BP-006,2024-06-26,2024-06-24,-2
BP-001,2024-06-27,2024-07-02,5
BP-002,2024-06-28,2024-06-27,-1
BP-003,2024-06-24,2024-06-25,1
BP-001,2024-07-01,2024-07-07,6
BP-002,2024-07-02,2024-06-28,-4
BP-003,2024-07-03,2024-07-02,-1
BP-004,2024-07-04,2024-07-12,8
BP-005,2024-07-05,2024-07-15,10
BP-006,2024-07-01,2024-06-29,-2
BP-004,2024-07-08,2024-07-23,15
BP-005,2024-07-09,2024-07-12,3
BP-006,2024-07-10,2024-07-06,-4
BP-001,2024-07-11,2024-07-16,5
BP-002,2024-07-12,2024-07-09,-3
BP-003,2024-07-08,2024-07-10,2
BP-001,2024-07-15,2024-07-17,2
BP-002,2024-07-16,2024-07-13,-3
BP-003,2024-07-17,2024-07-20,3
BP-004,2024-07-18,2024-07-22,4
BP-005,2024-07-19,2024-07-25,6
BP-006,2024-07-15,2024-07-13,-2
BP-004,2024-07-22,2024-08-01,10
BP-005,2024-07-23,2024-07-26,3
BP-006,2024-07-24,2024-07-19,-5
BP-001,2024-07-25,2024-07-28,3
BP-002,2024-07-26,2024-07-22,-4
BP-003,2024-07-22,2024-07-23,1
BP-001,2024-07-29,2024-08-01,3
BP-002,2024-07-30,2024-07-26,-4
BP-003,2024-07-31,2024-08-03,3
BP-004,2024-08-01,2024-08-11,10
BP-005,2024-08-02,2024-08-07,5
BP-006,2024-07-29,2024-07-28,-1
BP-004,2024-08-05,2024-08-10,5
BP-005,2024-08-06,2024-08-17,11
BP-006,2024-08-07,2024-08-05,-2
BP-001,2024-08-08,2024-08-13,5
BP-002,2024-08-09,2024-08-09,0
BP-003,2024-08-05,2024-08-06,1
BP-001,2024-08-12,2024-08-13,1
BP-002,2024-08-13,2024-08-13,0
BP-003,2024-08-14,2024-08-17,3
BP-004,2024-08-15,2024-08-24,9
BP-005,2024-08-16,2024-08-25,9
BP-006,2024-08-12,2024-08-08,-4
BP-004,2024-08-19,2024-08-29,10
BP-005,2024-08-20,2024-08-25,5
BP-006,2024-08-21,2024-08-20,-1
BP-001,2024-08-22,2024-08-24,2
BP-002,2024-08-23,2024-08-19,-4
BP-003,2024-08-19,2024-08-23,4
BP-001,2024-08-26,2024-08-30,4
BP-002,2024-08-27,2024-08-24,-3
BP-003,2024-08-28,2024-09-01,4
BP-004,2024-08-29,2024-09-09,11
BP-005,2024-08-30,2024-09-09,10
BP-006,2024-08-26,2024-08-24,-2
BP-004,2024-09-02,2024-09-09,7
BP-005,2024-09-03,2024-09-06,3
BP-006,2024-09-04,2024-09-01,-3
BP-001,2024-09-05,2024-09-08,3
BP-002,2024-09-06,2024-09-02,-4
BP-003,2024-09-02,2024-09-04,2
BP-001,2024-09-09,2024-09-10,1
BP-002,2024-09-10,2024-09-08,-2
BP-003,2024-09-11,2024-09-10,-1
BP-004,2024-09-12,2024-09-22,10
BP-005,2024-09-13,2024-09-23,10
BP-006,2024-09-09,2024-09-05,-4
BP-004,2024-09-16,2024-09-29,13
BP-005,2024-09-17,2024-09-23,6
BP-006,2024-09-18,2024-09-16,-2
BP-001,2024-09-19,2024-09-24,5
BP-002,2024-09-20,2024-09-18,-2
BP-003,2024-09-16,2024-09-20,4
BP-001,2024-09-23,2024-09-29,6
BP-002,2024-09-24,2024-09-22,-2
BP-003,2024-09-25,2024-09-27,2
BP-004,2024-09-26,2024-10-03,7
BP-005,2024-09-27,2024-10-03,6
BP-006,2024-09-23,2024-09-22,-1
BP-004,2024-09-30,2024-10-15,15
BP-005,2024-10-01,2024-10-13,12
BP-006,2024-10-02,2024-09-29,-3
BP-001,2024-10-03,2024-10-10,7
BP-002,2024-10-04,2024-09-30,-4
BP-003,2024-09-30,2024-10-03,3
BP-001,2024-10-07,2024-10-14,7
BP-002,2024-10-08,2024-10-05,-3
BP-003,2024-10-09,2024-10-13,4
BP-004,2024-10-10,2024-10-16,6
BP-005,2024-10-11,2024-10-23,12
BP-006,2024-10-07,2024-10-03,-4
BP-004,2024-10-14,2024-10-27,13
BP-005,2024-10-15,2024-10-18,3
BP-006,2024-10-16,2024-10-11,-5
BP-001,2024-10-17,2024-10-20,3
BP-002,2024-10-18,2024-10-18,0
BP-003,2024-10-14,2024-10-14,0
BP-001,2024-10-21,2024-10-25,4
BP-002,2024-10-22,2024-10-22,0
BP-003,2024-10-23,2024-10-26,3
BP-004,2024-10-24,2024-11-12,19
BP-005,2024-10-25,2024-10-31,6
BP-006,2024-10-21,2024-10-17,-4
BP-004,2024-10-28,2024-11-06,9
BP-005,2024-10-29,2024-11-08,10
BP-006,2024-10-30,2024-10-26,-4
BP-001,2024-10-31,2024-11-03,3
BP-002,2024-11-01,2024-10-29,-3
BP-003,2024-10-28,2024-10-30,2
BP-001,2024-11-04,2024-11-09,5
BP-002,2024-11-05,2024-11-03,-2
BP-003,2024-11-06,2024-11-07,1
BP-004,2024-11-07,2024-11-17,10
BP-005,2024-11-08,2024-11-11,3
BP-006,2024-11-04,2024-11-03,-1
BP-004,2024-11-11,2024-11-16,5
BP-005,2024-11-12,2024-11-20,8
BP-006,2024-11-13,2024-11-11,-2
BP-001,2024-11-14,2024-11-18,4
BP-002,2024-11-15,2024-11-12,-3
BP-003,2024-11-11,2024-11-13,2
BP-001,2024-11-18,2024-11-25,7
BP-002,2024-11-19,2024-11-19,0
BP-003,2024-11-20,2024-11-20,0
BP-004,2024-11-21,2024-11-29,8
BP-005,2024-11-22,2024-12-01,9
BP-006,2024-11-18,2024-11-17,-1
BP-004,2024-11-25,2024-12-12,17
BP-005,2024-11-26,2024-12-03,7
BP-006,2024-11-27,2024-11-24,-3
BP-001,2024-11-28,2024-11-30,2
BP-002,2024-11-29,2024-11-28,-1
BP-003,2024-11-25,2024-11-26,1
BP-001,2024-12-02,2024-12-07,5
BP-002,2024-12-03,2024-12-01,-2
BP-003,2024-12-04,2024-12-06,2
BP-004,2024-12-05,2024-12-21,16
BP-005,2024-12-06,2024-12-11,5
BP-006,2024-12-02,2024-11-28,-4
BP-004,2024-12-09,2024-12-25,16
BP-005,2024-12-10,2024-12-21,11
BP-006,2024-12-11,2024-12-08,-3
BP-001,2024-12-12,2024-12-16,4
BP-002,2024-12-13,2024-12-09,-4
BP-003,2024-12-09,2024-12-13,4
BP-001,2024-12-16,2024-12-22,6
BP-002,2024-12-17,2024-12-14,-3
BP-003,2024-12-18,2024-12-18,0
BP-004,2024-12-19,2024-12-23,4
BP-005,2024-12-20,2024-12-29,9
BP-006,2024-12-16,2024-12-14,-2
BP-004,2024-12-23,2024-12-28,5
BP-005,2024-12-24,2025-01-02,9
BP-006,2024-12-25,2024-12-21,-4
BP-001,2024-12-26,2024-12-31,5
BP-002,2024-12-27,2024-12-27,0
BP-003,2024-12-23,2024-12-23,0
BP-001,2024-12-30,2025-01-05,6
BP-002,2024-12-31,2024-12-27,-4
BP-003,2025-01-01,2025-01-01,0
BP-004,2025-01-02,2025-01-07,5
BP-005,2025-01-03,2025-01-12,9
BP-006,2024-12-30,2024-12-28,-2
BP-004,2025-01-06,2025-01-13,7
BP-005,2025-01-07,2025-01-12,5
BP-006,2025-01-08,2025-01-04,-4
BP-001,2025-01-09,2025-01-11,2
BP-002,2025-01-10,2025-01-08,-2
BP-003,2025-01-06,2025-01-10,4
BP-001,2025-01-13,2025-01-15,2
BP-002,2025-01-14,2025-01-10,-4
BP-003,2025-01-15,2025-01-15,0
BP-004,2025-01-16,2025-02-05,20
BP-005,2025-01-17,2025-01-26,9
BP-006,2025-01-13,2025-01-10,-3
BP-004,2025-01-20,2025-01-27,7
BP-005,2025-01-21,2025-01-31,10
BP-006,2025-01-22,2025-01-17,-5
BP-001,2025-01-23,2025-01-26,3
BP-002,2025-01-24,2025-01-23,-1
BP-003,2025-01-20,2025-01-24,4
BP-001,2025-01-27,2025-01-28,1
BP-002,2025-01-28,2025-01-27,-1
BP-003,2025-01-29,2025-01-31,2
BP-004,2025-01-30,2025-02-14,15
BP-005,2025-01-31,2025-02-05,5
BP-006,2025-01-27,2025-01-25,-2
BP-004,2025-02-03,2025-02-16,13
BP-005,2025-02-04,2025-02-06,2
BP-006,2025-02-05,2025-02-03,-2
BP-001,2025-02-06,2025-02-09,3
BP-002,2025-02-07,2025-02-05,-2
BP-003,2025-02-03,2025-02-06,3
BP-001,2025-02-10,2025-02-15,5
BP-002,2025-02-11,2025-02-07,-4
BP-003,2025-02-12,2025-02-12,0
BP-004,2025-02-13,2025-02-23,10
BP-005,2025-02-14,2025-02-22,8
BP-006,2025-02-10,2025-02-05,-5
BP-004,2025-02-17,2025-03-08,19
BP-005,2025-02-18,2025-02-20,2
BP-006,2025-02-19,2025-02-14,-5
BP-001,2025-02-20,2025-02-22,2
BP-002,2025-02-21,2025-02-18,-3
BP-003,2025-02-17,2025-02-20,3
BP-001,2025-02-24,2025-03-02,6
BP-002,2025-02-25,2025-02-23,-2
BP-003,2025-02-26,2025-02-25,-1
BP-004,2025-02-27,2025-03-15,16
BP-005,2025-02-28,2025-03-03,3
BP-006,2025-02-24,2025-02-21,-3
BP-004,2025-03-03,2025-03-08,5
BP-005,2025-03-04,2025-03-14,10
BP-006,2025-03-05,2025-02-28,-5
BP-001,2025-03-06,2025-03-08,2
BP-002,2025-03-07,2025-03-06,-1
BP-003,2025-03-03,2025-03-05,2
BP-001,2025-03-10,2025-03-14,4
BP-002,2025-03-11,2025-03-11,0
BP-003,2025-03-12,2025-03-15,3
BP-004,2025-03-13,2025-03-19,6
BP-005,2025-03-14,2025-03-23,9
BP-006,2025-03-10,2025-03-08,-2
BP-004,2025-03-17,2025-04-01,15
BP-005,2025-03-18,2025-03-28,10
BP-006,2025-03-19,2025-03-16,-3
BP-001,2025-03-20,2025-03-25,5
BP-002,2025-03-21,2025-03-18,-3
BP-003,2025-03-17,2025-03-18,1
BP-001,2025-03-24,2025-03-27,3
BP-002,2025-03-25,2025-03-23,-2
BP-003,2025-03-26,2025-03-28,2
BP-004,2025-03-27,2025-04-02,6
BP-005,2025-03-28,2025-04-04,7
BP-006,2025-03-24,2025-03-21,-3
BP-004,2025-03-31,2025-04-10,10
BP-005,2025-04-01,2025-04-09,8
BP-006,2025-04-02,2025-03-30,-3
BP-001,2025-04-03,2025-04-07,4
BP-002,2025-04-04,2025-03-31,-4
BP-003,2025-03-31,2025-04-04,4
BP-001,2025-04-07,2025-04-12,5
BP-002,2025-04-08,2025-04-05,-3
BP-003,2025-04-09,2025-04-11,2
BP-004,2025-04-10,2025-04-16,6
BP-005,2025-04-11,2025-04-14,3
BP-006,2025-04-07,2025-04-04,-3
BP-004,2025-04-14,2025-04-19,5
BP-005,2025-04-15,2025-04-24,9
BP-006,2025-04-16,2025-04-13,-3
BP-001,2025-04-17,2025-04-23,6
BP-002,2025-04-18,2025-04-18,0
BP-003,2025-04-14,2025-04-17,3
BP-001,2025-04-21,2025-04-27,6
BP-002,2025-04-22,2025-04-20,-2
BP-003,2025-04-23,2025-04-24,1
BP-004,2025-04-24,2025-04-29,5
BP-005,2025-04-25,2025-04-28,3
BP-006,2025-04-21,2025-04-17,-4
BP-004,2025-04-28,2025-05-09,11
BP-005,2025-04-29,2025-05-03,4
BP-006,2025-04-30,2025-04-25,-5
BP-001,2025-05-01,2025-05-03,2
BP-002,2025-05-02,2025-04-30,-2
BP-003,2025-04-28,2025-05-03,5
BP-001,2025-05-05,2025-05-08,3
BP-002,2025-05-06,2025-05-03,-3
BP-003,2025-05-07,2025-05-10,3
BP-004,2025-05-08,2025-05-26,18
BP-005,2025-05-09,2025-05-17,8
BP-006,2025-05-05,2025-04-30,-5
BP-004,2025-05-12,2025-06-01,20
BP-005,2025-05-13,2025-05-18,5
BP-006,2025-05-14,2025-05-11,-3
BP-001,2025-05-15,2025-05-17,2
BP-002,2025-05-16,2025-05-15,-1
BP-003,2025-05-12,2025-05-16,4
BP-001,2025-05-19,2025-05-25,6
BP-002,2025-05-20,2025-05-19,-1
BP-003,2025-05-21,2025-05-26,5
BP-004,2025-05-22,2025-05-27,5
BP-005,2025-05-23,2025-05-29,6
BP-006,2025-05-19,2025-05-17,-2
BP-004,2025-05-26,2025-06-12,17
BP-005,2025-05-27,2025-06-02,6
BP-006,2025-05-28,2025-05-24,-4
BP-001,2025-05-29,2025-06-01,3
BP-002,2025-05-30,2025-05-28,-2
BP-003,2025-05-26,2025-05-28,2
BP-001,2025-06-02,2025-06-06,4
BP-002,2025-06-03,2025-05-30,-4
BP-003,2025-06-04,2025-06-07,3
BP-004,2025-06-05,2025-06-19,14
BP-005,2025-06-06,2025-06-14,8
BP-006,2025-06-02,2025-05-30,-3
BP-004,2025-06-09,2025-06-21,12
BP-005,2025-06-10,2025-06-19,9
BP-006,2025-06-11,2025-06-08,-3
BP-001,2025-06-12,2025-06-15,3
BP-002,2025-06-13,2025-06-11,-2
BP-003,2025-06-09,2025-06-09,0
BP-001,2025-06-16,2025-06-21,5
BP-002,2025-06-17,2025-06-14,-3
BP-003,2025-06-18,2025-06-20,2
BP-004,2025-06-19,2025-07-06,17
BP-005,2025-06-20,2025-07-01,11
BP-006,2025-06-16,2025-06-12,-4
BP-004,2025-06-23,2025-07-13,20
BP-005,2025-06-24,2025-06-29,5
BP-006,2025-06-25,2025-06-21,-4
BP-001,2025-06-26,2025-06-29,3
BP-002,2025-06-27,2025-06-24,-3
BP-003,2025-06-23,2025-06-27,4
BP-001,2025-06-30,2025-07-04,4
BP-002,2025-07-01,2025-06-29,-2
BP-003,2025-07-02,2025-07-05,3
BP-004,2025-07-03,2025-07-16,13
BP-005,2025-07-04,2025-07-11,7
BP-006,2025-06-30,2025-06-26,-4
BP-004,2025-07-07,2025-07-13,6
BP-005,2025-07-08,2025-07-12,4
BP-006,2025-07-09,2025-07-05,-4
BP-001,2025-07-10,2025-07-14,4
BP-002,2025-07-11,2025-07-09,-2
BP-003,2025-07-07,2025-07-10,3
BP-001,2025-07-14,2025-07-18,4
BP-002,2025-07-15,2025-07-13,-2
BP-003,2025-07-16,2025-07-16,0
BP-004,2025-07-17,2025-07-22,5
BP-005,2025-07-18,2025-07-23,5
BP-006,2025-07-14,2025-07-12,-2
BP-004,2025-07-21,2025-08-03,13
BP-005,2025-07-22,2025-08-02,11
BP-006,2025-07-23,2025-07-21,-2
BP-001,2025-07-24,2025-07-27,3
BP-002,2025-07-25,2025-07-24,-1
BP-003,2025-07-21,2025-07-21,0
BP-001,2025-07-28,2025-07-30,2
BP-002,2025-07-29,2025-07-29,0
BP-003,2025-07-30,2025-08-04,5
BP-004,2025-07-31,2025-08-13,13
BP-005,2025-08-01,2025-08-05,4
BP-006,2025-07-28,2025-07-24,-4
BP-004,2025-08-04,2025-08-14,10
BP-005,2025-08-05,2025-08-10,5
BP-006,2025-08-06,2025-08-05,-1
BP-001,2025-08-07,2025-08-10,3
BP-002,2025-08-08,2025-08-06,-2
BP-003,2025-08-04,2025-08-09,5
BP-001,2025-08-11,2025-08-14,3
BP-002,2025-08-12,2025-08-10,-2
BP-003,2025-08-13,2025-08-16,3
BP-004,2025-08-14,2025-09-03,20
BP-005,2025-08-15,2025-08-23,8
BP-006,2025-08-11,2025-08-06,-5
BP-004,2025-08-18,2025-08-29,11
BP-005,2025-08-19,2025-08-25,6
BP-006,2025-08-20,2025-08-17,-3
BP-001,2025-08-21,2025-08-27,6
BP-002,2025-08-22,2025-08-19,-3
BP-003,2025-08-18,2025-08-22,4
BP-001,2025-08-25,2025-08-28,3
BP-002,2025-08-26,2025-08-24,-2
BP-003,2025-08-27,2025-08-26,-1
BP-004,2025-08-28,2025-09-17,20
BP-005,2025-08-29,2025-09-10,12
BP-006,2025-08-25,2025-08-23,-2
BP-004,2025-09-01,2025-09-12,11
BP-005,2025-09-02,2025-09-04,2
BP-006,2025-09-03,2025-08-30,-4
BP-001,2025-09-04,2025-09-10,6
BP-002,2025-09-05,2025-09-03,-2
BP-003,2025-09-01,2025-09-01,0
BP-001,2025-09-08,2025-09-14,6
BP-002,2025-09-09,2025-09-06,-3
BP-003,2025-09-10,2025-09-13,3
BP-004,2025-09-11,2025-09-23,12
BP-005,2025-09-12,2025-09-15,3
BP-006,2025-09-08,2025-09-05,-3
BP-004,2025-09-15,2025-10-03,18
BP-005,2025-09-16,2025-09-19,3
BP-006,2025-09-17,2025-09-14,-3
BP-001,2025-09-18,2025-09-25,7
BP-002,2025-09-19,2025-09-17,-2
BP-003,2025-09-15,2025-09-18,3
BP-001,2025-09-22,2025-09-26,4
BP-002,2025-09-23,2025-09-19,-4
BP-003,2025-09-24,2025-09-26,2
BP-004,2025-09-25,2025-10-13,18
BP-005,2025-09-26,2025-09-30,4
BP-006,2025-09-22,2025-09-18,-4
BP-004,2025-09-29,2025-10-03,4
BP-005,2025-09-30,2025-10-05,5
BP-006,2025-10-01,2025-09-28,-3
BP-001,2025-10-02,2025-10-04,2
BP-002,2025-10-03,2025-10-02,-1
BP-003,2025-09-29,2025-10-03,4
BP-001,2025-10-06,2025-10-12,6
BP-002,2025-10-07,2025-10-07,0
BP-003,2025-10-08,2025-10-07,-1
BP-004,2025-10-09,2025-10-22,13
BP-005,2025-10-10,2025-10-20,10
BP-006,2025-10-06,2025-10-03,-3
BP-004,2025-10-13,2025-10-17,4
BP-005,2025-10-14,2025-10-19,5
BP-006,2025-10-15,2025-10-13,-2
BP-001,2025-10-16,2025-10-20,4
BP-002,2025-10-17,2025-10-16,-1
BP-003,2025-10-13,2025-10-15,2
BP-001,2025-10-20,2025-10-25,5
BP-002,2025-10-21,2025-10-19,-2
BP-003,2025-10-22,2025-10-24,2
BP-004,2025-10-23,2025-11-10,18
BP-005,2025-10-24,2025-11-02,9
BP-006,2025-10-20,2025-10-19,-1
BP-004,2025-10-27,2025-11-15,19
BP-005,2025-10-28,2025-11-06,9
BP-006,2025-10-29,2025-10-24,-5
BP-001,2025-10-30,2025-11-03,4
BP-002,2025-10-31,2025-10-30,-1
BP-003,2025-10-27,2025-10-29,2
BP-001,2025-11-03,2025-11-06,3
BP-002,2025-11-04,2025-11-04,0
BP-003,2025-11-05,2025-11-06,1
BP-004,2025-11-06,2025-11-10,4
BP-005,2025-11-07,2025-11-18,11
BP-006,2025-11-03,2025-11-01,-2
BP-004,2025-11-10,2025-11-21,11
BP-005,2025-11-11,2025-11-16,5
BP-006,2025-11-12,2025-11-09,-3
BP-001,2025-11-13,2025-11-19,6
BP-002,2025-11-14,2025-11-13,-1
BP-003,2025-11-10,2025-11-09,-1
BP-001,2025-11-17,2025-11-20,3
BP-002,2025-11-18,2025-11-15,-3
BP-003,2025-11-19,2025-11-20,1
BP-004,2025-11-20,2025-12-04,14
BP-005,2025-11-21,2025-11-26,5
BP-006,2025-11-17,2025-11-13,-4
BP-004,2025-11-24,2025-11-30,6
BP-005,2025-11-25,2025-12-04,9
BP-006,2025-11-26,2025-11-24,-2
BP-001,2025-11-27,2025-12-02,5
BP-002,2025-11-28,2025-11-25,-3
BP-003,2025-11-24,2025-11-29,5
BP-001,2025-12-01,2025-12-07,6
BP-002,2025-12-02,2025-12-01,-1
BP-003,2025-12-03,2025-12-07,4
BP-004,2025-12-04,2025-12-16,12
BP-005,2025-12-05,2025-12-14,9
BP-006,2025-12-01,2025-11-30,-1
BP-004,2025-12-08,2025-12-13,5
BP-005,2025-12-09,2025-12-14,5
BP-006,2025-12-10,2025-12-08,-2
BP-001,2025-12-11,2025-12-15,4
BP-002,2025-12-12,2025-12-10,-2
BP-003,2025-12-08,2025-12-12,4
BP-001,2025-12-15,2025-12-21,6
BP-002,2025-12-16,2025-12-16,0
BP-003,2025-12-17,2025-12-20,3
BP-004,2025-12-18,2025-12-27,9
BP-005,2025-12-19,2025-12-23,4
BP-006,2025-12-15,2025-12-12,-3
BP-004,2025-12-22,2025-12-31,9
BP-005,2025-12-23,2025-12-30,7
BP-006,2025-12-24,2025-12-20,-4
BP-001,2025-12-25,2025-12-31,6
BP-002,2025-12-26,2025-12-24,-2
BP-003,2025-12-22,2025-12-25,3
BP-001,2025-12-29,2025-12-31,2
BP-002,2025-12-30,2025-12-29,-1
BP-003,2025-12-31,2026-01-04,4
BP-004,2026-01-01,2026-01-19,18
BP-005,2026-01-02,2026-01-11,9
BP-006,2025-12-29,2025-12-25,-4
BP-003,2026-01-05,2026-01-05,0
BP-004,2026-01-06,2026-01-19,13
BP-005,2026-01-07,2026-01-16,9
BP-006,2026-01-08,2026-01-03,-5
BP-007,2026-01-09,2026-01-07,-2
BP-001,2026-01-05,2026-01-07,2
BP-006,2026-01-12,2026-01-11,-1
BP-007,2026-01-13,2026-01-13,0
BP-001,2026-01-14,2026-01-17,3
BP-002,2026-01-15,2026-01-15,0
BP-003,2026-01-16,2026-01-21,5
BP-004,2026-01-12,2026-01-17,5
BP-002,2026-01-19,2026-01-16,-3
BP-003,2026-01-20,2026-01-24,4
BP-004,2026-01-21,2026-02-09,19
BP-005,2026-01-22,2026-01-29,7
BP-006,2026-01-23,2026-01-22,-1
BP-007,2026-01-19,2026-01-23,4
BP-005,2026-01-26,2026-02-01,6
BP-006,2026-01-27,2026-01-23,-4
BP-007,2026-01-28,2026-01-26,-2
BP-001,2026-01-29,2026-02-04,6
BP-002,2026-01-30,2026-01-27,-3
BP-003,2026-01-26,2026-01-28,2
BP-001,2026-02-02,2026-02-09,7
BP-002,2026-02-03,2026-01-31,-3
BP-003,2026-02-04,2026-02-06,2
BP-004,2026-02-05,2026-02-13,8
BP-005,2026-02-06,2026-02-17,11
BP-006,2026-02-02,2026-01-29,-4
BP-004,2026-02-09,2026-02-26,17
BP-005,2026-02-10,2026-02-12,2
BP-006,2026-02-11,2026-02-09,-2
BP-007,2026-02-12,2026-02-12,0
BP-001,2026-02-13,2026-02-14,1
BP-002,2026-02-09,2026-02-08,-1
BP-007,2026-02-16,2026-02-16,0
BP-001,2026-02-17,2026-02-23,6
BP-002,2026-02-18,2026-02-17,-1
BP-003,2026-02-19,2026-02-23,4
BP-004,2026-02-20,2026-03-02,10
BP-005,2026-02-16,2026-02-24,8
BP-003,2026-02-23,2026-02-28,5
BP-004,2026-02-24,2026-03-07,11
BP-005,2026-02-25,2026-03-04,7
BP-006,2026-02-26,2026-02-24,-2
BP-007,2026-02-27,2026-02-26,-1
BP-001,2026-02-23,2026-02-25,2
BP-006,2026-03-02,2026-02-27,-3
BP-007,2026-03-03,2026-03-07,4
BP-001,2026-03-04,2026-03-07,3
BP-002,2026-03-05,2026-03-01,-4
BP-003,2026-03-06,2026-03-10,4
BP-004,2026-03-02,2026-03-16,14
BP-002,2026-03-09,2026-03-07,-2
BP-003,2026-03-10,2026-03-12,2
BP-004,2026-03-11,2026-03-29,18
BP-005,2026-03-12,2026-03-23,11
BP-006,2026-03-13,2026-03-09,-4
BP-007,2026-03-09,2026-03-09,0
BP-005,2026-03-16,2026-03-21,5
BP-006,2026-03-17,2026-03-13,-4
BP-007,2026-03-18,2026-03-22,4
BP-001,2026-03-19,2026-03-24,5
BP-002,2026-03-20,2026-03-19,-1
BP-003,2026-03-16,2026-03-18,2
BP-001,2026-03-23,2026-03-29,6
BP-002,2026-03-24,2026-03-23,-1
BP-003,2026-03-25,2026-03-29,4
BP-004,2026-03-26,2026-04-03,8
BP-005,2026-03-27,2026-04-01,5
BP-006,2026-03-23,2026-03-20,-3
BP-004,2026-03-30,2026-04-13,14
BP-005,2026-03-31,2026-04-02,2
BP-006,2026-04-01,2026-03-29,-3
BP-007,2026-04-02,2026-03-31,-2
BP-001,2026-04-03,2026-04-07,4
BP-002,2026-03-30,2026-03-28,-2
BP-007,2026-04-06,2026-04-08,2
BP-001,2026-04-07,2026-04-10,3
BP-002,2026-04-08,2026-04-08,0
BP-003,2026-04-09,2026-04-13,4
BP-004,2026-04-10,2026-04-20,10
BP-005,2026-04-06,2026-04-09,3
BP-003,2026-04-13,2026-04-16,3
BP-004,2026-04-14,2026-04-25,11
BP-005,2026-04-15,2026-04-19,4
BP-006,2026-04-16,2026-04-12,-4
BP-007,2026-04-17,2026-04-18,1
BP-001,2026-04-13,2026-04-17,4
BP-006,2026-04-20,2026-04-18,-2
BP-007,2026-04-21,2026-04-20,-1
BP-001,2026-04-22,2026-04-24,2
BP-002,2026-04-23,2026-04-22,-1
BP-003,2026-04-24,2026-04-24,0
BP-004,2026-04-20,2026-05-10,20
BP-002,2026-04-27,2026-04-26,-1
BP-003,2026-04-28,2026-04-28,0
BP-004,2026-04-29,2026-05-14,15
BP-005,2026-04-30,2026-05-04,4
BP-006,2026-05-01,2026-04-30,-1
BP-007,2026-04-27,2026-04-26,-1
BP-005,2026-05-04,2026-05-07,3
BP-006,2026-05-05,2026-05-02,-3
BP-007,2026-05-06,2026-05-09,3
BP-001,2026-05-07,2026-05-12,5
BP-002,2026-05-08,2026-05-05,-3
BP-003,2026-05-04,2026-05-05,1
BP-001,2026-05-11,2026-05-16,5
BP-002,2026-05-12,2026-05-12,0
BP-003,2026-05-13,2026-05-17,4
BP-004,2026-05-14,2026-06-02,19
BP-005,2026-05-15,2026-05-20,5
BP-006,2026-05-11,2026-05-07,-4
BP-004,2026-05-18,2026-06-04,17
BP-005,2026-05-19,2026-05-29,10
BP-006,2026-05-20,2026-05-17,-3
BP-007,2026-05-21,2026-05-23,2
BP-001,2026-05-22,2026-05-28,6
BP-002,2026-05-18,2026-05-17,-1
BP-007,2026-05-25,2026-05-25,0
BP-001,2026-05-26,2026-06-02,7
BP-002,2026-05-27,2026-05-25,-2
BP-003,2026-05-28,2026-05-27,-1
BP-004,2026-05-29,2026-06-06,8
BP-005,2026-05-25,2026-06-01,7
BP-003,2026-06-01,2026-06-05,4
BP-004,2026-06-02,2026-06-09,7
BP-005,2026-06-03,2026-06-11,8
BP-006,2026-06-04,2026-06-02,-2
BP-007,2026-06-05,2026-06-08,3
BP-001,2026-06-01,2026-06-07,6
BP-006,2026-06-08,2026-06-07,-1
BP-007,2026-06-09,2026-06-07,-2
BP-001,2026-06-10,2026-06-15,5
BP-002,2026-06-11,2026-06-09,-2
BP-003,2026-06-12,2026-06-12,0
BP-004,2026-06-08,2026-06-17,9
BP-002,2026-06-15,2026-06-15,0
BP-003,2026-06-16,2026-06-20,4
BP-004,2026-06-17,2026-06-28,11
BP-005,2026-06-18,2026-06-28,10
BP-006,2026-06-19,2026-06-16,-3
BP-007,2026-06-15,2026-06-14,-1
BP-005,2026-06-22,2026-06-29,7
BP-006,2026-06-23,2026-06-22,-1
BP-007,2026-06-24,2026-06-23,-1
BP-001,2026-06-25,2026-06-30,5
BP-002,2026-06-26,2026-06-25,-1
BP-003,2026-06-22,2026-06-23,1
BP-001,2026-06-29,2026-07-03,4
BP-002,2026-06-30,2026-06-29,-1
BP-003,2026-07-01,2026-07-04,3
BP-004,2026-07-02,2026-07-10,8
BP-005,2026-07-03,2026-07-15,12
BP-006,2026-06-29,2026-06-26,-3
BP-004,2026-07-06,2026-07-22,16
BP-005,2026-07-07,2026-07-12,5
BP-006,2026-07-08,2026-07-04,-4
BP-007,2026-07-09,2026-07-08,-1
BP-001,2026-07-10,2026-07-11,1
BP-002,2026-07-06,2026-07-03,-3
BP-007,2026-07-13,2026-07-15,2
BP-001,2026-07-14,2026-07-16,2
BP-002,2026-07-15,2026-07-12,-3
BP-003,2026-07-16,2026-07-16,0
BP-004,2026-07-17,2026-07-21,4
BP-005,2026-07-13,2026-07-22,9
BP-003,2026-07-20,2026-07-21,1
BP-004,2026-07-21,2026-08-04,14
BP-005,2026-07-22,2026-07-31,9
BP-006,2026-07-23,2026-07-20,-3
BP-007,2026-07-24,2026-07-25,1
BP-001,2026-07-20,2026-07-27,7
