date,amount,direction,counterparty,counterparty_iban,description,reference,account_iban
2024-08-19,11602.68,debit,TechParts Inc,DE02120300000000202051,Payment EK-2024-1001,EK-2024-1001,DE89370400440532013000
2024-08-19,11426.99,credit,Hoffman Trading Co,DE79345678901234567890,Payment RE-2024-1001,RE-2024-1001,DE89370400440532013000
2024-08-20,15596.03,debit,Logistics Express Ltd,DE80200400600004444400,Payment EK-2024-1002,EK-2024-1002,DE89370400440532013000
2024-08-20,16043.24,credit,Nordwind Maritime GmbH,DE94200505500000778899,Payment RE-2024-1002,RE-2024-1002,DE89370400440532013000
2024-08-21,9601.54,debit,Miller Office,DE32700100800012345000,Payment EK-2024-1003,EK-2024-1003,DE89370400440532013000
2024-08-21,13878.36,credit,Weaver Consulting,DE78200400600012312300,Payment RE-2024-1003,RE-2024-1003,DE89370400440532013000
2024-08-26,11581.70,debit,Berlin City Utilities,DE58200400600971586400,Payment EK-2024-1004,EK-2024-1004,DE89370400440532013000
2024-08-26,11729.79,credit,Smith Corp,DE44500105175407324931,Payment RE-2024-1004,RE-2024-1004,DE89370400440532013000
2024-08-27,14177.44,debit,Hoffman Printing,DE03200400600022222200,Payment EK-2024-1005,EK-2024-1005,DE89370400440532013000
2024-08-27,14733.67,credit,Brewer & Sons Ltd,DE62200700240000279500,Payment RE-2024-1005,RE-2024-1005,DE89370400440532013000
2024-08-28,8779.72,debit,TechParts Inc,DE02120300000000202051,Payment EK-2024-1006,EK-2024-1006,DE89370400440532013000
2024-08-28,12344.25,credit,Little & Partners,DE26200400600087654300,Payment RE-2024-1006,RE-2024-1006,DE89370400440532013000
2024-09-02,16019.90,debit,Logistics Express Ltd,DE80200400600004444400,Payment EK-2024-1007,EK-2024-1007,DE89370400440532013000
2024-09-02,12000.00,debit,Salaries September,DE62370400440532013001,Wages and salaries September 2024,LG-2024-09,DE89370400440532013000
2024-09-02,13209.71,credit,Hoffman Trading Co,DE79345678901234567890,Payment RE-2024-1007,RE-2024-1007,DE89370400440532013000
2024-09-03,9140.94,debit,Miller Office,DE32700100800012345000,Payment EK-2024-1008,EK-2024-1008,DE89370400440532013000
2024-09-03,15336.49,credit,Nordwind Maritime GmbH,DE94200505500000778899,Payment RE-2024-1008,RE-2024-1008,DE89370400440532013000
2024-09-03,950.00,debit,Telecom Business Customers,DE20200700240012345601,Telecommunications September,T-2024-09,DE89370400440532013000
2024-09-04,11392.11,debit,Berlin City Utilities,DE58200400600971586400,Payment EK-2024-1009,EK-2024-1009,DE89370400440532013000
2024-09-04,12524.53,credit,Weaver Consulting,DE78200400600012312300,Payment RE-2024-1009,RE-2024-1009,DE89370400440532013000
2024-09-09,11034.52,debit,Hoffman Printing,DE03200400600022222200,Payment EK-2024-1010,EK-2024-1010,DE89370400440532013000
2024-09-09,17825.68,credit,Smith Corp,DE44500105175407324931,Payment RE-2024-1010,RE-2024-1010,DE89370400440532013000
2024-09-10,12871.41,debit,TechParts Inc,DE02120300000000202051,Payment EK-2024-1011,EK-2024-1011,DE89370400440532013000
2024-09-10,9977.13,credit,Brewer & Sons Ltd,DE62200700240000279500,Payment RE-2024-1011,RE-2024-1011,DE89370400440532013000
2024-09-10,3200.00,debit,Berlin City Utilities,DE58200400600971586400,Electricity August 2024,RG-STW-082024,DE89370400440532013000
2024-09-11,14727.63,debit,Logistics Express Ltd,DE80200400600004444400,Payment EK-2024-1012,EK-2024-1012,DE89370400440532013000
2024-09-11,15605.68,credit,Little & Partners,DE26200400600087654300,Payment RE-2024-1012,RE-2024-1012,DE89370400440532013000
2024-09-15,1850.00,debit,Miller Office,DE32700100800012345000,Rent September 2024,RENT-2024-09,DE89370400440532013000
2024-09-16,11241.89,debit,Miller Office,DE32700100800012345000,Payment EK-2024-1013,EK-2024-1013,DE89370400440532013000
2024-09-16,11228.88,credit,Hoffman Trading Co,DE79345678901234567890,Payment RE-2024-1013,RE-2024-1013,DE89370400440532013000
2024-09-17,12039.56,debit,Berlin City Utilities,DE58200400600971586400,Payment EK-2024-1014,EK-2024-1014,DE89370400440532013000
2024-09-17,12191.05,credit,Nordwind Maritime GmbH,DE94200505500000778899,Payment RE-2024-1014,RE-2024-1014,DE89370400440532013000
2024-09-18,12904.90,debit,Hoffman Printing,DE03200400600022222200,Payment EK-2024-1015,EK-2024-1015,DE89370400440532013000
2024-09-18,17238.89,credit,Weaver Consulting,DE78200400600012312300,Payment RE-2024-1015,RE-2024-1015,DE89370400440532013000
2024-09-23,12601.78,debit,TechParts Inc,DE02120300000000202051,Payment EK-2024-1016,EK-2024-1016,DE89370400440532013000
2024-09-23,12877.43,credit,Smith Corp,DE44500105175407324931,Payment RE-2024-1016,RE-2024-1016,DE89370400440532013000
2024-09-24,12719.23,debit,Logistics Express Ltd,DE80200400600004444400,Payment EK-2024-1017,EK-2024-1017,DE89370400440532013000
2024-09-24,13060.67,credit,Brewer & Sons Ltd,DE62200700240000279500,Payment RE-2024-1017,RE-2024-1017,DE89370400440532013000
2024-09-25,12947.24,debit,Miller Office,DE32700100800012345000,Payment EK-2024-1018,EK-2024-1018,DE89370400440532013000
2024-09-25,17059.93,credit,Little & Partners,DE26200400600087654300,Payment RE-2024-1018,RE-2024-1018,DE89370400440532013000
2024-09-30,13879.08,debit,Berlin City Utilities,DE58200400600971586400,Payment EK-2024-1019,EK-2024-1019,DE89370400440532013000
2024-09-30,17667.34,credit,Hoffman Trading Co,DE79345678901234567890,Payment RE-2024-1019,RE-2024-1019,DE89370400440532013000
2024-10-01,13410.71,debit,Hoffman Printing,DE03200400600022222200,Payment EK-2024-1020,EK-2024-1020,DE89370400440532013000
2024-10-01,17072.24,credit,Nordwind Maritime GmbH,DE94200505500000778899,Payment RE-2024-1020,RE-2024-1020,DE89370400440532013000
2024-10-02,13090.81,debit,TechParts Inc,DE02120300000000202051,Payment EK-2024-1021,EK-2024-1021,DE89370400440532013000
2024-10-02,12000.00,debit,Salaries October,DE62370400440532013001,Wages and salaries October 2024,LG-2024-10,DE89370400440532013000
2024-10-02,10631.88,credit,Weaver Consulting,DE78200400600012312300,Payment RE-2024-1021,RE-2024-1021,DE89370400440532013000
2024-10-03,950.00,debit,Telecom Business Customers,DE20200700240012345601,Telecommunications October,T-2024-10,DE89370400440532013000
2024-10-07,12087.05,debit,Logistics Express Ltd,DE80200400600004444400,Payment EK-2024-1022,EK-2024-1022,DE89370400440532013000
2024-10-07,11859.69,credit,Smith Corp,DE44500105175407324931,Payment RE-2024-1022,RE-2024-1022,DE89370400440532013000
2024-10-08,10613.56,debit,Miller Office,DE32700100800012345000,Payment EK-2024-1023,EK-2024-1023,DE89370400440532013000
2024-10-08,22088.04,credit,Brewer & Sons Ltd,DE62200700240000279500,Payment RE-2024-1023,RE-2024-1023,DE89370400440532013000
2024-10-09,19808.54,debit,Berlin City Utilities,DE58200400600971586400,Payment EK-2024-1024,EK-2024-1024,DE89370400440532013000
2024-10-09,13815.36,credit,Little & Partners,DE26200400600087654300,Payment RE-2024-1024,RE-2024-1024,DE89370400440532013000
2024-10-10,3200.00,debit,Berlin City Utilities,DE58200400600971586400,Electricity September 2024,RG-STW-092024,DE89370400440532013000
2024-10-14,15470.85,debit,Hoffman Printing,DE03200400600022222200,Payment EK-2024-1025,EK-2024-1025,DE89370400440532013000
2024-10-14,15679.88,credit,Hoffman Trading Co,DE79345678901234567890,Payment RE-2024-1025,RE-2024-1025,DE89370400440532013000
2024-10-15,13116.23,debit,TechParts Inc,DE02120300000000202051,Payment EK-2024-1026,EK-2024-1026,DE89370400440532013000
2024-10-15,13061.90,credit,Nordwind Maritime GmbH,DE94200505500000778899,Payment RE-2024-1026,RE-2024-1026,DE89370400440532013000
2024-10-15,1850.00,debit,Miller Office,DE32700100800012345000,Rent October 2024,RENT-2024-10,DE89370400440532013000
2024-10-16,11107.31,debit,Logistics Express Ltd,DE80200400600004444400,Payment EK-2024-1027,EK-2024-1027,DE89370400440532013000
2024-10-16,15858.65,credit,Weaver Consulting,DE78200400600012312300,Payment RE-2024-1027,RE-2024-1027,DE89370400440532013000
2024-10-21,16662.77,debit,Miller Office,DE32700100800012345000,Payment EK-2024-1028,EK-2024-1028,DE89370400440532013000
2024-10-21,17197.38,credit,Smith Corp,DE44500105175407324931,Payment RE-2024-1028,RE-2024-1028,DE89370400440532013000
2024-10-22,13787.31,debit,Berlin City Utilities,DE58200400600971586400,Payment EK-2024-1029,EK-2024-1029,DE89370400440532013000
2024-10-22,13985.57,credit,Brewer & Sons Ltd,DE62200700240000279500,Payment RE-2024-1029,RE-2024-1029,DE89370400440532013000
2024-10-23,11282.02,debit,Hoffman Printing,DE03200400600022222200,Payment EK-2024-1030,EK-2024-1030,DE89370400440532013000
2024-10-23,15707.05,credit,Little & Partners,DE26200400600087654300,Payment RE-2024-1030,RE-2024-1030,DE89370400440532013000
2024-10-28,11206.39,debit,TechParts Inc,DE02120300000000202051,Payment EK-2024-1031,EK-2024-1031,DE89370400440532013000
2024-10-28,18584.95,credit,Hoffman Trading Co,DE79345678901234567890,Payment RE-2024-1031,RE-2024-1031,DE89370400440532013000
2024-10-29,18108.91,debit,Logistics Express Ltd,DE80200400600004444400,Payment EK-2024-1032,EK-2024-1032,DE89370400440532013000
2024-10-29,14858.63,credit,Nordwind Maritime GmbH,DE94200505500000778899,Payment RE-2024-1032,RE-2024-1032,DE89370400440532013000
2024-10-30,14430.87,debit,Miller Office,DE32700100800012345000,Payment EK-2024-1033,EK-2024-1033,DE89370400440532013000
2024-10-30,15709.42,credit,Weaver Consulting,DE78200400600012312300,Payment RE-2024-1033,RE-2024-1033,DE89370400440532013000
2024-11-02,12000.00,debit,Salaries November,DE62370400440532013001,Wages and salaries November 2024,LG-2024-11,DE89370400440532013000
2024-11-03,950.00,debit,Telecom Business Customers,DE20200700240012345601,Telecommunications November,T-2024-11,DE89370400440532013000
2024-11-04,11494.97,debit,Berlin City Utilities,DE58200400600971586400,Payment EK-2024-1034,EK-2024-1034,DE89370400440532013000
2024-11-04,11447.73,credit,Smith Corp,DE44500105175407324931,Payment RE-2024-1034,RE-2024-1034,DE89370400440532013000
2024-11-05,16332.44,debit,Hoffman Printing,DE03200400600022222200,Payment EK-2024-1035,EK-2024-1035,DE89370400440532013000
2024-11-05,17005.59,credit,Brewer & Sons Ltd,DE62200700240000279500,Payment RE-2024-1035,RE-2024-1035,DE89370400440532013000
2024-11-06,12743.54,debit,TechParts Inc,DE02120300000000202051,Payment EK-2024-1036,EK-2024-1036,DE89370400440532013000
2024-11-06,17132.02,credit,Little & Partners,DE26200400600087654300,Payment RE-2024-1036,RE-2024-1036,DE89370400440532013000
2024-11-10,3200.00,debit,Berlin City Utilities,DE58200400600971586400,Electricity October 2024,RG-STW-102024,DE89370400440532013000
2024-11-11,15979.92,debit,Logistics Express Ltd,DE80200400600004444400,Payment EK-2024-1037,EK-2024-1037,DE89370400440532013000
2024-11-11,13157.02,credit,Hoffman Trading Co,DE79345678901234567890,Payment RE-2024-1037,RE-2024-1037,DE89370400440532013000
2024-11-12,10580.44,debit,Miller Office,DE32700100800012345000,Payment EK-2024-1038,EK-2024-1038,DE89370400440532013000
2024-11-12,17541.61,credit,Nordwind Maritime GmbH,DE94200505500000778899,Payment RE-2024-1038,RE-2024-1038,DE89370400440532013000
2024-11-13,15880.30,debit,Berlin City Utilities,DE58200400600971586400,Payment EK-2024-1039,EK-2024-1039,DE89370400440532013000
2024-11-13,16987.51,credit,Weaver Consulting,DE78200400600012312300,Payment RE-2024-1039,RE-2024-1039,DE89370400440532013000
2024-11-15,1850.00,debit,Miller Office,DE32700100800012345000,Rent November 2024,RENT-2024-11,DE89370400440532013000
2024-11-18,17116.46,debit,Hoffman Printing,DE03200400600022222200,Payment EK-2024-1040,EK-2024-1040,DE89370400440532013000
2024-11-18,22502.25,credit,Smith Corp,DE44500105175407324931,Payment RE-2024-1040,RE-2024-1040,DE89370400440532013000
2024-11-19,11492.54,debit,TechParts Inc,DE02120300000000202051,Payment EK-2024-1041,EK-2024-1041,DE89370400440532013000
2024-11-19,14481.67,credit,Brewer & Sons Ltd,DE62200700240000279500,Payment RE-2024-1041,RE-2024-1041,DE89370400440532013000
2024-11-20,15641.90,debit,Logistics Express Ltd,DE80200400600004444400,Payment EK-2024-1042,EK-2024-1042,DE89370400440532013000
2024-11-20,12736.19,credit,Little & Partners,DE26200400600087654300,Payment RE-2024-1042,RE-2024-1042,DE89370400440532013000
2024-11-25,11873.62,debit,Miller Office,DE32700100800012345000,Payment EK-2024-1043,EK-2024-1043,DE89370400440532013000
2024-11-25,15045.18,credit,Hoffman Trading Co,DE79345678901234567890,Payment RE-2024-1043,RE-2024-1043,DE89370400440532013000
2024-11-26,15090.93,debit,Berlin City Utilities,DE58200400600971586400,Payment EK-2024-1044,EK-2024-1044,DE89370400440532013000
2024-11-26,19874.47,credit,Nordwind Maritime GmbH,DE94200505500000778899,Payment RE-2024-1044,RE-2024-1044,DE89370400440532013000
2024-11-27,19023.18,debit,Hoffman Printing,DE03200400600022222200,Payment EK-2024-1045,EK-2024-1045,DE89370400440532013000
2024-11-27,16751.95,credit,Weaver Consulting,DE78200400600012312300,Payment RE-2024-1045,RE-2024-1045,DE89370400440532013000
2024-12-02,14916.56,debit,TechParts Inc,DE02120300000000202051,Payment EK-2024-1046,EK-2024-1046,DE89370400440532013000
2024-12-02,12000.00,debit,Salaries December,DE62370400440532013001,Wages and salaries December 2024,LG-2024-12,DE89370400440532013000
2024-12-02,15074.62,credit,Smith Corp,DE44500105175407324931,Payment RE-2024-1046,RE-2024-1046,DE89370400440532013000
2024-12-03,17338.61,debit,Logistics Express Ltd,DE80200400600004444400,Payment EK-2024-1047,EK-2024-1047,DE89370400440532013000
2024-12-03,17899.65,credit,Brewer & Sons Ltd,DE62200700240000279500,Payment RE-2024-1047,RE-2024-1047,DE89370400440532013000
2024-12-03,950.00,debit,Telecom Business Customers,DE20200700240012345601,Telecommunications December,T-2024-12,DE89370400440532013000
2024-12-04,10095.68,debit,Miller Office,DE32700100800012345000,Payment EK-2024-1048,EK-2024-1048,DE89370400440532013000
2024-12-04,14610.96,credit,Little & Partners,DE26200400600087654300,Payment RE-2024-1048,RE-2024-1048,DE89370400440532013000
2024-12-09,16067.32,debit,Berlin City Utilities,DE58200400600971586400,Payment EK-2024-1049,EK-2024-1049,DE89370400440532013000
2024-12-09,16548.98,credit,Hoffman Trading Co,DE79345678901234567890,Payment RE-2024-1049,RE-2024-1049,DE89370400440532013000
2024-12-10,17508.98,debit,Hoffman Printing,DE03200400600022222200,Payment EK-2024-1050,EK-2024-1050,DE89370400440532013000
2024-12-10,18247.42,credit,Nordwind Maritime GmbH,DE94200505500000778899,Payment RE-2024-1050,RE-2024-1050,DE89370400440532013000
2024-12-10,3200.00,debit,Berlin City Utilities,DE58200400600971586400,Electricity November 2024,RG-STW-112024,DE89370400440532013000
2024-12-11,10320.25,debit,TechParts Inc,DE02120300000000202051,Payment EK-2024-1051,EK-2024-1051,DE89370400440532013000
2024-12-11,14525.56,credit,Weaver Consulting,DE78200400600012312300,Payment RE-2024-1051,RE-2024-1051,DE89370400440532013000
2024-12-15,1850.00,debit,Miller Office,DE32700100800012345000,Rent December 2024,RENT-2024-12,DE89370400440532013000
2024-12-16,13679.77,debit,Logistics Express Ltd,DE80200400600004444400,Payment EK-2024-1052,EK-2024-1052,DE89370400440532013000
2024-12-16,17823.40,credit,Smith Corp,DE44500105175407324931,Payment RE-2024-1052,RE-2024-1052,DE89370400440532013000
2024-12-17,14714.71,debit,Miller Office,DE32700100800012345000,Payment EK-2024-1053,EK-2024-1053,DE89370400440532013000
2024-12-17,18608.52,credit,Brewer & Sons Ltd,DE62200700240000279500,Payment RE-2024-1053,RE-2024-1053,DE89370400440532013000
2024-12-18,16950.11,debit,Berlin City Utilities,DE58200400600971586400,Payment EK-2024-1054,EK-2024-1054,DE89370400440532013000
2024-12-18,14517.06,credit,Little & Partners,DE26200400600087654300,Payment RE-2024-1054,RE-2024-1054,DE89370400440532013000
2024-12-23,13509.35,debit,Hoffman Printing,DE03200400600022222200,Payment EK-2024-1055,EK-2024-1055,DE89370400440532013000
2024-12-23,13454.22,credit,Hoffman Trading Co,DE79345678901234567890,Payment RE-2024-1055,RE-2024-1055,DE89370400440532013000
2024-12-24,13476.33,debit,TechParts Inc,DE02120300000000202051,Payment EK-2024-1056,EK-2024-1056,DE89370400440532013000
2024-12-24,13483.45,credit,Nordwind Maritime GmbH,DE94200505500000778899,Payment RE-2024-1056,RE-2024-1056,DE89370400440532013000
2024-12-25,14430.53,debit,Logistics Express Ltd,DE80200400600004444400,Payment EK-2024-1057,EK-2024-1057,DE89370400440532013000
2024-12-25,19597.40,credit,Weaver Consulting,DE78200400600012312300,Payment RE-2024-1057,RE-2024-1057,DE89370400440532013000
2024-12-30,14678.32,debit,Miller Office,DE32700100800012345000,Payment EK-2024-1058,EK-2024-1058,DE89370400440532013000
2024-12-30,14972.06,credit,Smith Corp,DE44500105175407324931,Payment RE-2024-1058,RE-2024-1058,DE89370400440532013000
2024-12-31,13912.18,debit,Berlin City Utilities,DE58200400600971586400,Payment EK-2024-1059,EK-2024-1059,DE89370400440532013000
2024-12-31,14159.94,credit,Brewer & Sons Ltd,DE62200700240000279500,Payment RE-2024-1059,RE-2024-1059,DE89370400440532013000
2025-01-01,14081.42,debit,Hoffman Printing,DE03200400600022222200,Payment EK-2025-1001,EK-2025-1001,DE89370400440532013000
2025-01-01,18813.97,credit,Little & Partners,DE26200400600087654300,Payment RE-2025-1001,RE-2025-1001,DE89370400440532013000
2025-01-02,12000.00,debit,Salaries January,DE62370400440532013001,Wages and salaries January 2025,LG-2025-01,DE89370400440532013000
2025-01-03,950.00,debit,Telecom Business Customers,DE20200700240012345601,Telecommunications January,T-2025-01,DE89370400440532013000
2025-01-06,15664.79,debit,TechParts Inc,DE02120300000000202051,Payment EK-2025-1002,EK-2025-1002,DE89370400440532013000
2025-01-06,16236.75,credit,Hoffman Trading Co,DE79345678901234567890,Payment RE-2025-1002,RE-2025-1002,DE89370400440532013000
2025-01-07,14307.23,debit,Logistics Express Ltd,DE80200400600004444400,Payment EK-2025-1003,EK-2025-1003,DE89370400440532013000
2025-01-07,14748.39,credit,Nordwind Maritime GmbH,DE94200505500000778899,Payment RE-2025-1003,RE-2025-1003,DE89370400440532013000
2025-01-08,13846.42,debit,Miller Office,DE32700100800012345000,Payment EK-2025-1004,EK-2025-1004,DE89370400440532013000
2025-01-08,18249.06,credit,Weaver Consulting,DE78200400600012312300,Payment RE-2025-1004,RE-2025-1004,DE89370400440532013000
2025-01-10,3200.00,debit,Berlin City Utilities,DE58200400600971586400,Electricity December 2024,RG-STW-122024,DE89370400440532013000
2025-01-13,10576.22,debit,Berlin City Utilities,DE58200400600971586400,Payment EK-2025-1005,EK-2025-1005,DE89370400440532013000
2025-01-13,13071.90,credit,Smith Corp,DE44500105175407324931,Payment RE-2025-1005,RE-2025-1005,DE89370400440532013000
2025-01-14,17731.24,debit,Hoffman Printing,DE03200400600022222200,Payment EK-2025-1006,EK-2025-1006,DE89370400440532013000
2025-01-14,23466.25,credit,Brewer & Sons Ltd,DE62200700240000279500,Payment RE-2025-1006,RE-2025-1006,DE89370400440532013000
2025-01-15,16544.05,debit,TechParts Inc,DE02120300000000202051,Payment EK-2025-1007,EK-2025-1007,DE89370400440532013000
2025-01-15,13856.81,credit,Little & Partners,DE26200400600087654300,Payment RE-2025-1007,RE-2025-1007,DE89370400440532013000
2025-01-15,1850.00,debit,Miller Office,DE32700100800012345000,Rent January 2025,RENT-2025-01,DE89370400440532013000
2025-01-20,13039.50,debit,Logistics Express Ltd,DE80200400600004444400,Payment EK-2025-1008,EK-2025-1008,DE89370400440532013000
2025-01-20,17074.64,credit,Hoffman Trading Co,DE79345678901234567890,Payment RE-2025-1008,RE-2025-1008,DE89370400440532013000
2025-01-21,10112.69,debit,Miller Office,DE32700100800012345000,Payment EK-2025-1009,EK-2025-1009,DE89370400440532013000
2025-01-21,12823.42,credit,Nordwind Maritime GmbH,DE94200505500000778899,Payment RE-2025-1009,RE-2025-1009,DE89370400440532013000
2025-01-22,17526.75,debit,Berlin City Utilities,DE58200400600971586400,Payment EK-2025-1010,EK-2025-1010,DE89370400440532013000
2025-01-22,15808.61,credit,Weaver Consulting,DE78200400600012312300,Payment RE-2025-1010,RE-2025-1010,DE89370400440532013000
2025-01-27,17504.68,debit,Hoffman Printing,DE03200400600022222200,Payment EK-2025-1011,EK-2025-1011,DE89370400440532013000
2025-01-27,18044.57,credit,Smith Corp,DE44500105175407324931,Payment RE-2025-1011,RE-2025-1011,DE89370400440532013000
2025-01-28,13422.97,debit,TechParts Inc,DE02120300000000202051,Payment EK-2025-1012,EK-2025-1012,DE89370400440532013000
2025-01-28,13459.74,credit,Brewer & Sons Ltd,DE62200700240000279500,Payment RE-2025-1012,RE-2025-1012,DE89370400440532013000
2025-01-29,10621.83,debit,Logistics Express Ltd,DE80200400600004444400,Payment EK-2025-1013,EK-2025-1013,DE89370400440532013000
2025-01-29,15180.49,credit,Little & Partners,DE26200400600087654300,Payment RE-2025-1013,RE-2025-1013,DE89370400440532013000
2025-02-02,12000.00,debit,Salaries February,DE62370400440532013001,Wages and salaries February 2025,LG-2025-02,DE89370400440532013000
2025-02-03,11348.01,debit,Miller Office,DE32700100800012345000,Payment EK-2025-1014,EK-2025-1014,DE89370400440532013000
2025-02-03,18825.59,credit,Hoffman Trading Co,DE79345678901234567890,Payment RE-2025-1014,RE-2025-1014,DE89370400440532013000
2025-02-03,950.00,debit,Telecom Business Customers,DE20200700240012345601,Telecommunications February,T-2025-02,DE89370400440532013000
2025-02-04,17478.14,debit,Berlin City Utilities,DE58200400600971586400,Payment EK-2025-1015,EK-2025-1015,DE89370400440532013000
2025-02-04,13976.20,credit,Nordwind Maritime GmbH,DE94200505500000778899,Payment RE-2025-1015,RE-2025-1015,DE89370400440532013000
2025-02-05,13488.01,debit,Hoffman Printing,DE03200400600022222200,Payment EK-2025-1016,EK-2025-1016,DE89370400440532013000
2025-02-05,14742.21,credit,Weaver Consulting,DE78200400600012312300,Payment RE-2025-1016,RE-2025-1016,DE89370400440532013000
2025-02-10,11266.51,debit,TechParts Inc,DE02120300000000202051,Payment EK-2025-1017,EK-2025-1017,DE89370400440532013000
2025-02-10,11184.20,credit,Smith Corp,DE44500105175407324931,Payment RE-2025-1017,RE-2025-1017,DE89370400440532013000
2025-02-10,3200.00,debit,Berlin City Utilities,DE58200400600971586400,Electricity January 2025,RG-STW-012025,DE89370400440532013000
2025-02-11,15282.84,debit,Logistics Express Ltd,DE80200400600004444400,Payment EK-2025-1018,EK-2025-1018,DE89370400440532013000
2025-02-11,15812.77,credit,Brewer & Sons Ltd,DE62200700240000279500,Payment RE-2025-1018,RE-2025-1018,DE89370400440532013000
2025-02-12,11566.07,debit,Miller Office,DE32700100800012345000,Payment EK-2025-1019,EK-2025-1019,DE89370400440532013000
2025-02-12,15829.35,credit,Little & Partners,DE26200400600087654300,Payment RE-2025-1019,RE-2025-1019,DE89370400440532013000
2025-02-15,1850.00,debit,Miller Office,DE32700100800012345000,Rent February 2025,RENT-2025-02,DE89370400440532013000
2025-02-17,12251.97,debit,Berlin City Utilities,DE58200400600971586400,Payment EK-2025-1020,EK-2025-1020,DE89370400440532013000
2025-02-17,12469.34,credit,Hoffman Trading Co,DE79345678901234567890,Payment RE-2025-1020,RE-2025-1020,DE89370400440532013000
2025-02-18,15195.38,debit,Hoffman Printing,DE03200400600022222200,Payment EK-2025-1021,EK-2025-1021,DE89370400440532013000
2025-02-18,15864.50,credit,Nordwind Maritime GmbH,DE94200505500000778899,Payment RE-2025-1021,RE-2025-1021,DE89370400440532013000
2025-02-19,11321.90,debit,TechParts Inc,DE02120300000000202051,Payment EK-2025-1022,EK-2025-1022,DE89370400440532013000
2025-02-19,15227.12,credit,Weaver Consulting,DE78200400600012312300,Payment RE-2025-1022,RE-2025-1022,DE89370400440532013000
2025-02-24,15955.21,debit,Logistics Express Ltd,DE80200400600004444400,Payment EK-2025-1023,EK-2025-1023,DE89370400440532013000
2025-02-24,16548.15,credit,Smith Corp,DE44500105175407324931,Payment RE-2025-1023,RE-2025-1023,DE89370400440532013000
2025-02-25,9766.39,debit,Miller Office,DE32700100800012345000,Payment EK-2025-1024,EK-2025-1024,DE89370400440532013000
2025-02-25,9563.08,credit,Brewer & Sons Ltd,DE62200700240000279500,Payment RE-2025-1024,RE-2025-1024,DE89370400440532013000
2025-02-26,13616.03,debit,Berlin City Utilities,DE58200400600971586400,Payment EK-2025-1025,EK-2025-1025,DE89370400440532013000
2025-02-26,18088.36,credit,Little & Partners,DE26200400600087654300,Payment RE-2025-1025,RE-2025-1025,DE89370400440532013000
2025-03-02,12000.00,debit,Salaries March,DE62370400440532013001,Wages and salaries March 2025,LG-2025-03,DE89370400440532013000
2025-03-03,10712.14,debit,Hoffman Printing,DE03200400600022222200,Payment EK-2025-1026,EK-2025-1026,DE89370400440532013000
2025-03-03,13828.34,credit,Hoffman Trading Co,DE79345678901234567890,Payment RE-2025-1026,RE-2025-1026,DE89370400440532013000
2025-03-03,950.00,debit,Telecom Business Customers,DE20200700240012345601,Telecommunications March,T-2025-03,DE89370400440532013000
2025-03-04,12779.00,debit,TechParts Inc,DE02120300000000202051,Payment EK-2025-1027,EK-2025-1027,DE89370400440532013000
2025-03-04,17031.24,credit,Nordwind Maritime GmbH,DE94200505500000778899,Payment RE-2025-1027,RE-2025-1027,DE89370400440532013000
2025-03-05,16337.68,debit,Logistics Express Ltd,DE80200400600004444400,Payment EK-2025-1028,EK-2025-1028,DE89370400440532013000
2025-03-05,13891.90,credit,Weaver Consulting,DE78200400600012312300,Payment RE-2025-1028,RE-2025-1028,DE89370400440532013000
2025-03-10,10496.69,debit,Miller Office,DE32700100800012345000,Payment EK-2025-1029,EK-2025-1029,DE89370400440532013000
2025-03-10,13414.63,credit,Smith Corp,DE44500105175407324931,Payment RE-2025-1029,RE-2025-1029,DE89370400440532013000
2025-03-10,3200.00,debit,Berlin City Utilities,DE58200400600971586400,Electricity February 2025,RG-STW-022025,DE89370400440532013000
2025-03-11,11519.00,debit,Berlin City Utilities,DE58200400600971586400,Payment EK-2025-1030,EK-2025-1030,DE89370400440532013000
2025-03-11,14952.67,credit,Brewer & Sons Ltd,DE62200700240000279500,Payment RE-2025-1030,RE-2025-1030,DE89370400440532013000
2025-03-12,13751.68,debit,Hoffman Printing,DE03200400600022222200,Payment EK-2025-1031,EK-2025-1031,DE89370400440532013000
2025-03-12,11820.75,credit,Little & Partners,DE26200400600087654300,Payment RE-2025-1031,RE-2025-1031,DE89370400440532013000
2025-03-15,1850.00,debit,Miller Office,DE32700100800012345000,Rent March 2025,RENT-2025-03,DE89370400440532013000
2025-03-17,13911.07,debit,TechParts Inc,DE02120300000000202051,Payment EK-2025-1032,EK-2025-1032,DE89370400440532013000
2025-03-17,14308.01,credit,Hoffman Trading Co,DE79345678901234567890,Payment RE-2025-1032,RE-2025-1032,DE89370400440532013000
2025-03-18,14386.20,debit,Logistics Express Ltd,DE80200400600004444400,Payment EK-2025-1033,EK-2025-1033,DE89370400440532013000
2025-03-18,14901.15,credit,Nordwind Maritime GmbH,DE94200505500000778899,Payment RE-2025-1033,RE-2025-1033,DE89370400440532013000
2025-03-19,7936.46,debit,Miller Office,DE32700100800012345000,Payment EK-2025-1034,EK-2025-1034,DE89370400440532013000
2025-03-19,11502.90,credit,Weaver Consulting,DE78200400600012312300,Payment RE-2025-1034,RE-2025-1034,DE89370400440532013000
2025-03-24,11771.27,debit,Berlin City Utilities,DE58200400600971586400,Payment EK-2025-1035,EK-2025-1035,DE89370400440532013000
2025-03-24,15018.94,credit,Smith Corp,DE44500105175407324931,Payment RE-2025-1035,RE-2025-1035,DE89370400440532013000
2025-03-25,11511.61,debit,Hoffman Printing,DE03200400600022222200,Payment EK-2025-1036,EK-2025-1036,DE89370400440532013000
2025-03-25,14888.72,credit,Brewer & Sons Ltd,DE62200700240000279500,Payment RE-2025-1036,RE-2025-1036,DE89370400440532013000
2025-03-26,13374.23,debit,TechParts Inc,DE02120300000000202051,Payment EK-2025-1037,EK-2025-1037,DE89370400440532013000
2025-03-26,11280.10,credit,Little & Partners,DE26200400600087654300,Payment RE-2025-1037,RE-2025-1037,DE89370400440532013000
2025-03-31,12760.27,debit,Logistics Express Ltd,DE80200400600004444400,Payment EK-2025-1038,EK-2025-1038,DE89370400440532013000
2025-03-31,12670.16,credit,Hoffman Trading Co,DE79345678901234567890,Payment RE-2025-1038,RE-2025-1038,DE89370400440532013000
2025-04-01,11737.58,debit,Miller Office,DE32700100800012345000,Payment EK-2025-1039,EK-2025-1039,DE89370400440532013000
2025-04-01,11568.24,credit,Nordwind Maritime GmbH,DE94200505500000778899,Payment RE-2025-1039,RE-2025-1039,DE89370400440532013000
2025-04-02,12553.19,debit,Berlin City Utilities,DE58200400600971586400,Payment EK-2025-1040,EK-2025-1040,DE89370400440532013000
2025-04-02,12000.00,debit,Salaries April,DE62370400440532013001,Wages and salaries April 2025,LG-2025-04,DE89370400440532013000
2025-04-02,17391.98,credit,Weaver Consulting,DE78200400600012312300,Payment RE-2025-1040,RE-2025-1040,DE89370400440532013000
2025-04-03,950.00,debit,Telecom Business Customers,DE20200700240012345601,Telecommunications April,T-2025-04,DE89370400440532013000
2025-04-07,12022.96,debit,Hoffman Printing,DE03200400600022222200,Payment EK-2025-1041,EK-2025-1041,DE89370400440532013000
2025-04-07,12241.03,credit,Smith Corp,DE44500105175407324931,Payment RE-2025-1041,RE-2025-1041,DE89370400440532013000
2025-04-08,10620.50,debit,TechParts Inc,DE02120300000000202051,Payment EK-2025-1042,EK-2025-1042,DE89370400440532013000
2025-04-08,10694.15,credit,Brewer & Sons Ltd,DE62200700240000279500,Payment RE-2025-1042,RE-2025-1042,DE89370400440532013000
2025-04-09,10676.44,debit,Logistics Express Ltd,DE80200400600004444400,Payment EK-2025-1043,EK-2025-1043,DE89370400440532013000
2025-04-09,14502.91,credit,Little & Partners,DE26200400600087654300,Payment RE-2025-1043,RE-2025-1043,DE89370400440532013000
2025-04-10,3200.00,debit,Berlin City Utilities,DE58200400600971586400,Electricity March 2025,RG-STW-032025,DE89370400440532013000
2025-04-14,12603.30,debit,Miller Office,DE32700100800012345000,Payment EK-2025-1044,EK-2025-1044,DE89370400440532013000
2025-04-14,13047.42,credit,Hoffman Trading Co,DE79345678901234567890,Payment RE-2025-1044,RE-2025-1044,DE89370400440532013000
2025-04-15,10817.28,debit,Berlin City Utilities,DE58200400600971586400,Payment EK-2025-1045,EK-2025-1045,DE89370400440532013000
2025-04-15,11061.45,credit,Nordwind Maritime GmbH,DE94200505500000778899,Payment RE-2025-1045,RE-2025-1045,DE89370400440532013000
2025-04-15,1850.00,debit,Miller Office,DE32700100800012345000,Rent April 2025,RENT-2025-04,DE89370400440532013000
2025-04-16,10363.04,debit,Hoffman Printing,DE03200400600022222200,Payment EK-2025-1046,EK-2025-1046,DE89370400440532013000
2025-04-16,13850.25,credit,Weaver Consulting,DE78200400600012312300,Payment RE-2025-1046,RE-2025-1046,DE89370400440532013000
2025-04-21,8364.87,debit,TechParts Inc,DE02120300000000202051,Payment EK-2025-1047,EK-2025-1047,DE89370400440532013000
2025-04-21,8110.10,credit,Smith Corp,DE44500105175407324931,Payment RE-2025-1047,RE-2025-1047,DE89370400440532013000
2025-04-22,13473.58,debit,Logistics Express Ltd,DE80200400600004444400,Payment EK-2025-1048,EK-2025-1048,DE89370400440532013000
2025-04-22,13970.60,credit,Brewer & Sons Ltd,DE62200700240000279500,Payment RE-2025-1048,RE-2025-1048,DE89370400440532013000
2025-04-23,12419.64,debit,Miller Office,DE32700100800012345000,Payment EK-2025-1049,EK-2025-1049,DE89370400440532013000
2025-04-23,16411.54,credit,Little & Partners,DE26200400600087654300,Payment RE-2025-1049,RE-2025-1049,DE89370400440532013000
2025-04-28,10380.42,debit,Berlin City Utilities,DE58200400600971586400,Payment EK-2025-1050,EK-2025-1050,DE89370400440532013000
2025-04-28,10436.30,credit,Hoffman Trading Co,DE79345678901234567890,Payment RE-2025-1050,RE-2025-1050,DE89370400440532013000
2025-04-29,7260.63,debit,Hoffman Printing,DE03200400600022222200,Payment EK-2025-1051,EK-2025-1051,DE89370400440532013000
2025-04-29,15541.73,credit,Nordwind Maritime GmbH,DE94200505500000778899,Payment RE-2025-1051,RE-2025-1051,DE89370400440532013000
2025-04-30,13236.73,debit,TechParts Inc,DE02120300000000202051,Payment EK-2025-1052,EK-2025-1052,DE89370400440532013000
2025-04-30,8716.10,credit,Weaver Consulting,DE78200400600012312300,Payment RE-2025-1052,RE-2025-1052,DE89370400440532013000
2025-05-02,12000.00,debit,Salaries May,DE62370400440532013001,Wages and salaries May 2025,LG-2025-05,DE89370400440532013000
2025-05-03,950.00,debit,Telecom Business Customers,DE20200700240012345601,Telecommunications May,T-2025-05,DE89370400440532013000
2025-05-05,11081.85,debit,Logistics Express Ltd,DE80200400600004444400,Payment EK-2025-1053,EK-2025-1053,DE89370400440532013000
2025-05-05,14490.68,credit,Smith Corp,DE44500105175407324931,Payment RE-2025-1053,RE-2025-1053,DE89370400440532013000
2025-05-06,7796.63,debit,Miller Office,DE32700100800012345000,Payment EK-2025-1054,EK-2025-1054,DE89370400440532013000
2025-05-06,9785.82,credit,Brewer & Sons Ltd,DE62200700240000279500,Payment RE-2025-1054,RE-2025-1054,DE89370400440532013000
2025-05-07,12602.74,debit,Berlin City Utilities,DE58200400600971586400,Payment EK-2025-1055,EK-2025-1055,DE89370400440532013000
2025-05-07,11095.66,credit,Little & Partners,DE26200400600087654300,Payment RE-2025-1055,RE-2025-1055,DE89370400440532013000
2025-05-10,3200.00,debit,Berlin City Utilities,DE58200400600971586400,Electricity April 2025,RG-STW-042025,DE89370400440532013000
2025-05-12,9076.35,debit,Hoffman Printing,DE03200400600022222200,Payment EK-2025-1056,EK-2025-1056,DE89370400440532013000
2025-05-12,15035.22,credit,Hoffman Trading Co,DE79345678901234567890,Payment RE-2025-1056,RE-2025-1056,DE89370400440532013000
2025-05-13,13238.56,debit,TechParts Inc,DE02120300000000202051,Payment EK-2025-1057,EK-2025-1057,DE89370400440532013000
2025-05-13,10268.68,credit,Nordwind Maritime GmbH,DE94200505500000778899,Payment RE-2025-1057,RE-2025-1057,DE89370400440532013000
2025-05-14,9818.29,debit,Logistics Express Ltd,DE80200400600004444400,Payment EK-2025-1058,EK-2025-1058,DE89370400440532013000
2025-05-14,10800.82,credit,Weaver Consulting,DE78200400600012312300,Payment RE-2025-1058,RE-2025-1058,DE89370400440532013000
2025-05-15,1850.00,debit,Miller Office,DE32700100800012345000,Rent May 2025,RENT-2025-05,DE89370400440532013000
2025-05-19,10176.14,debit,Miller Office,DE32700100800012345000,Payment EK-2025-1059,EK-2025-1059,DE89370400440532013000
2025-05-19,10068.18,credit,Smith Corp,DE44500105175407324931,Payment RE-2025-1059,RE-2025-1059,DE89370400440532013000
2025-05-20,13109.97,debit,Berlin City Utilities,DE58200400600971586400,Payment EK-2025-1060,EK-2025-1060,DE89370400440532013000
2025-05-20,13464.05,credit,Brewer & Sons Ltd,DE62200700240000279500,Payment RE-2025-1060,RE-2025-1060,DE89370400440532013000
2025-05-21,9562.29,debit,Hoffman Printing,DE03200400600022222200,Payment EK-2025-1061,EK-2025-1061,DE89370400440532013000
2025-05-21,13376.09,credit,Little & Partners,DE26200400600087654300,Payment RE-2025-1061,RE-2025-1061,DE89370400440532013000
2025-05-26,9870.81,debit,TechParts Inc,DE02120300000000202051,Payment EK-2025-1062,EK-2025-1062,DE89370400440532013000
2025-05-26,10025.49,credit,Hoffman Trading Co,DE79345678901234567890,Payment RE-2025-1062,RE-2025-1062,DE89370400440532013000
2025-05-27,11668.02,debit,Logistics Express Ltd,DE80200400600004444400,Payment EK-2025-1063,EK-2025-1063,DE89370400440532013000
2025-05-27,12110.91,credit,Nordwind Maritime GmbH,DE94200505500000778899,Payment RE-2025-1063,RE-2025-1063,DE89370400440532013000
2025-05-28,8400.52,debit,Miller Office,DE32700100800012345000,Payment EK-2025-1064,EK-2025-1064,DE89370400440532013000
2025-05-28,11503.31,credit,Weaver Consulting,DE78200400600012312300,Payment RE-2025-1064,RE-2025-1064,DE89370400440532013000
2025-06-02,13174.78,debit,Berlin City Utilities,DE58200400600971586400,Payment EK-2025-1065,EK-2025-1065,DE89370400440532013000
2025-06-02,12000.00,debit,Salaries June,DE62370400440532013001,Wages and salaries June 2025,LG-2025-06,DE89370400440532013000
2025-06-02,10990.15,credit,Smith Corp,DE44500105175407324931,Payment RE-2025-1065,RE-2025-1065,DE89370400440532013000
2025-06-03,7251.14,debit,Hoffman Printing,DE03200400600022222200,Payment EK-2025-1066,EK-2025-1066,DE89370400440532013000
2025-06-03,12349.78,credit,Brewer & Sons Ltd,DE62200700240000279500,Payment RE-2025-1066,RE-2025-1066,DE89370400440532013000
2025-06-03,950.00,debit,Telecom Business Customers,DE20200700240012345601,Telecommunications June,T-2025-06,DE89370400440532013000
2025-06-04,10414.30,debit,TechParts Inc,DE02120300000000202051,Payment EK-2025-1067,EK-2025-1067,DE89370400440532013000
2025-06-04,11312.00,credit,Little & Partners,DE26200400600087654300,Payment RE-2025-1067,RE-2025-1067,DE89370400440532013000
2025-06-09,8960.33,debit,Logistics Express Ltd,DE80200400600004444400,Payment EK-2025-1068,EK-2025-1068,DE89370400440532013000
2025-06-09,14380.37,credit,Hoffman Trading Co,DE79345678901234567890,Payment RE-2025-1068,RE-2025-1068,DE89370400440532013000
2025-06-10,9942.67,debit,Miller Office,DE32700100800012345000,Payment EK-2025-1069,EK-2025-1069,DE89370400440532013000
2025-06-10,7780.00,credit,Nordwind Maritime GmbH,DE94200505500000778899,Payment RE-2025-1069,RE-2025-1069,DE89370400440532013000
2025-06-10,3200.00,debit,Berlin City Utilities,DE58200400600971586400,Electricity May 2025,RG-STW-052025,DE89370400440532013000
2025-06-11,12929.30,debit,Berlin City Utilities,DE58200400600971586400,Payment EK-2025-1070,EK-2025-1070,DE89370400440532013000
2025-06-11,13606.26,credit,Weaver Consulting,DE78200400600012312300,Payment RE-2025-1070,RE-2025-1070,DE89370400440532013000
2025-06-15,1850.00,debit,Miller Office,DE32700100800012345000,Rent June 2025,RENT-2025-06,DE89370400440532013000
2025-06-16,8947.44,debit,Hoffman Printing,DE03200400600022222200,Payment EK-2025-1071,EK-2025-1071,DE89370400440532013000
2025-06-16,11629.63,credit,Smith Corp,DE44500105175407324931,Payment RE-2025-1071,RE-2025-1071,DE89370400440532013000
2025-06-17,9206.24,debit,TechParts Inc,DE02120300000000202051,Payment EK-2025-1072,EK-2025-1072,DE89370400440532013000
2025-06-17,12065.42,credit,Brewer & Sons Ltd,DE62200700240000279500,Payment RE-2025-1072,RE-2025-1072,DE89370400440532013000
2025-06-18,11088.51,debit,Logistics Express Ltd,DE80200400600004444400,Payment EK-2025-1073,EK-2025-1073,DE89370400440532013000
2025-06-18,9161.34,credit,Little & Partners,DE26200400600087654300,Payment RE-2025-1073,RE-2025-1073,DE89370400440532013000
2025-06-23,9872.85,debit,Miller Office,DE32700100800012345000,Payment EK-2025-1074,EK-2025-1074,DE89370400440532013000
2025-06-23,12645.42,credit,Hoffman Trading Co,DE79345678901234567890,Payment RE-2025-1074,RE-2025-1074,DE89370400440532013000
2025-06-24,9637.06,debit,Berlin City Utilities,DE58200400600971586400,Payment EK-2025-1075,EK-2025-1075,DE89370400440532013000
2025-06-24,12357.94,credit,Nordwind Maritime GmbH,DE94200505500000778899,Payment RE-2025-1075,RE-2025-1075,DE89370400440532013000
2025-06-25,10919.78,debit,Hoffman Printing,DE03200400600022222200,Payment EK-2025-1076,EK-2025-1076,DE89370400440532013000
2025-06-25,9187.30,credit,Weaver Consulting,DE78200400600012312300,Payment RE-2025-1076,RE-2025-1076,DE89370400440532013000
2025-06-30,13053.15,debit,TechParts Inc,DE02120300000000202051,Payment EK-2025-1077,EK-2025-1077,DE89370400440532013000
2025-06-30,13597.66,credit,Smith Corp,DE44500105175407324931,Payment RE-2025-1077,RE-2025-1077,DE89370400440532013000
2025-07-01,12255.27,debit,Logistics Express Ltd,DE80200400600004444400,Payment EK-2025-1078,EK-2025-1078,DE89370400440532013000
2025-07-01,12733.26,credit,Brewer & Sons Ltd,DE62200700240000279500,Payment RE-2025-1078,RE-2025-1078,DE89370400440532013000
2025-07-02,6415.93,debit,Miller Office,DE32700100800012345000,Payment EK-2025-1079,EK-2025-1079,DE89370400440532013000
2025-07-02,12000.00,debit,Salaries July,DE62370400440532013001,Wages and salaries July 2025,LG-2025-07,DE89370400440532013000
2025-07-02,9314.41,credit,Little & Partners,DE26200400600087654300,Payment RE-2025-1079,RE-2025-1079,DE89370400440532013000
2025-07-03,950.00,debit,Telecom Business Customers,DE20200700240012345601,Telecommunications July,T-2025-07,DE89370400440532013000
2025-07-07,12128.73,debit,Berlin City Utilities,DE58200400600971586400,Payment EK-2025-1080,EK-2025-1080,DE89370400440532013000
2025-07-07,9170.99,credit,Hoffman Trading Co,DE79345678901234567890,Payment RE-2025-1080,RE-2025-1080,DE89370400440532013000
2025-07-08,10157.27,debit,Hoffman Printing,DE03200400600022222200,Payment EK-2025-1081,EK-2025-1081,DE89370400440532013000
2025-07-08,16290.77,credit,Nordwind Maritime GmbH,DE94200505500000778899,Payment RE-2025-1081,RE-2025-1081,DE89370400440532013000
2025-07-09,10846.17,debit,TechParts Inc,DE02120300000000202051,Payment EK-2025-1082,EK-2025-1082,DE89370400440532013000
2025-07-09,11765.39,credit,Weaver Consulting,DE78200400600012312300,Payment RE-2025-1082,RE-2025-1082,DE89370400440532013000
2025-07-10,3200.00,debit,Berlin City Utilities,DE58200400600971586400,Electricity June 2025,RG-STW-062025,DE89370400440532013000
2025-07-14,11729.51,debit,Logistics Express Ltd,DE80200400600004444400,Payment EK-2025-1083,EK-2025-1083,DE89370400440532013000
2025-07-14,11920.37,credit,Smith Corp,DE44500105175407324931,Payment RE-2025-1083,RE-2025-1083,DE89370400440532013000
2025-07-15,9568.31,debit,Miller Office,DE32700100800012345000,Payment EK-2025-1084,EK-2025-1084,DE89370400440532013000
2025-07-15,9507.08,credit,Brewer & Sons Ltd,DE62200700240000279500,Payment RE-2025-1084,RE-2025-1084,DE89370400440532013000
2025-07-15,1850.00,debit,Miller Office,DE32700100800012345000,Rent July 2025,RENT-2025-07,DE89370400440532013000
2025-07-16,9538.26,debit,Berlin City Utilities,DE58200400600971586400,Payment EK-2025-1085,EK-2025-1085,DE89370400440532013000
2025-07-16,13219.83,credit,Little & Partners,DE26200400600087654300,Payment RE-2025-1085,RE-2025-1085,DE89370400440532013000
2025-07-21,12668.96,debit,Hoffman Printing,DE03200400600022222200,Payment EK-2025-1086,EK-2025-1086,DE89370400440532013000
2025-07-21,13099.46,credit,Hoffman Trading Co,DE79345678901234567890,Payment RE-2025-1086,RE-2025-1086,DE89370400440532013000
2025-07-22,10147.59,debit,TechParts Inc,DE02120300000000202051,Payment EK-2025-1087,EK-2025-1087,DE89370400440532013000
2025-07-22,10276.60,credit,Nordwind Maritime GmbH,DE94200505500000778899,Payment RE-2025-1087,RE-2025-1087,DE89370400440532013000
2025-07-23,9603.62,debit,Logistics Express Ltd,DE80200400600004444400,Payment EK-2025-1088,EK-2025-1088,DE89370400440532013000
2025-07-23,13051.10,credit,Weaver Consulting,DE78200400600012312300,Payment RE-2025-1088,RE-2025-1088,DE89370400440532013000
2025-07-28,8658.22,debit,Miller Office,DE32700100800012345000,Payment EK-2025-1089,EK-2025-1089,DE89370400440532013000
2025-07-28,14235.12,credit,Smith Corp,DE44500105175407324931,Payment RE-2025-1089,RE-2025-1089,DE89370400440532013000
2025-07-29,13337.17,debit,Berlin City Utilities,DE58200400600971586400,Payment EK-2025-1090,EK-2025-1090,DE89370400440532013000
2025-07-29,11037.42,credit,Brewer & Sons Ltd,DE62200700240000279500,Payment RE-2025-1090,RE-2025-1090,DE89370400440532013000
2025-07-30,12119.03,debit,Hoffman Printing,DE03200400600022222200,Payment EK-2025-1091,EK-2025-1091,DE89370400440532013000
2025-07-30,13058.26,credit,Little & Partners,DE26200400600087654300,Payment RE-2025-1091,RE-2025-1091,DE89370400440532013000
2025-08-02,12000.00,debit,Salaries August,DE62370400440532013001,Wages and salaries August 2025,LG-2025-08,DE89370400440532013000
2025-08-03,950.00,debit,Telecom Business Customers,DE20200700240012345601,Telecommunications August,T-2025-08,DE89370400440532013000
2025-08-04,8933.37,debit,TechParts Inc,DE02120300000000202051,Payment EK-2025-1092,EK-2025-1092,DE89370400440532013000
2025-08-04,8931.33,credit,Hoffman Trading Co,DE79345678901234567890,Payment RE-2025-1092,RE-2025-1092,DE89370400440532013000
2025-08-05,12215.12,debit,Logistics Express Ltd,DE80200400600004444400,Payment EK-2025-1093,EK-2025-1093,DE89370400440532013000
2025-08-05,12704.03,credit,Nordwind Maritime GmbH,DE94200505500000778899,Payment RE-2025-1093,RE-2025-1093,DE89370400440532013000
2025-08-06,10741.91,debit,Miller Office,DE32700100800012345000,Payment EK-2025-1094,EK-2025-1094,DE89370400440532013000
2025-08-06,14196.55,credit,Weaver Consulting,DE78200400600012312300,Payment RE-2025-1094,RE-2025-1094,DE89370400440532013000
2025-08-10,3200.00,debit,Berlin City Utilities,DE58200400600971586400,Electricity July 2025,RG-STW-072025,DE89370400440532013000
2025-08-11,12433.69,debit,Berlin City Utilities,DE58200400600971586400,Payment EK-2025-1095,EK-2025-1095,DE89370400440532013000
2025-08-11,12741.47,credit,Smith Corp,DE44500105175407324931,Payment RE-2025-1095,RE-2025-1095,DE89370400440532013000
2025-08-12,7925.68,debit,Hoffman Printing,DE03200400600022222200,Payment EK-2025-1096,EK-2025-1096,DE89370400440532013000
2025-08-12,16395.00,credit,Brewer & Sons Ltd,DE62200700240000279500,Payment RE-2025-1096,RE-2025-1096,DE89370400440532013000
2025-08-13,13355.52,debit,TechParts Inc,DE02120300000000202051,Payment EK-2025-1097,EK-2025-1097,DE89370400440532013000
2025-08-13,8745.43,credit,Little & Partners,DE26200400600087654300,Payment RE-2025-1097,RE-2025-1097,DE89370400440532013000
2025-08-15,1850.00,debit,Miller Office,DE32700100800012345000,Rent August 2025,RENT-2025-08,DE89370400440532013000
2025-08-18,13526.89,debit,Logistics Express Ltd,DE80200400600004444400,Payment EK-2025-1098,EK-2025-1098,DE89370400440532013000
2025-08-18,17621.95,credit,Hoffman Trading Co,DE79345678901234567890,Payment RE-2025-1098,RE-2025-1098,DE89370400440532013000
2025-08-19,8795.55,debit,Miller Office,DE32700100800012345000,Payment EK-2025-1099,EK-2025-1099,DE89370400440532013000
2025-08-19,10944.36,credit,Nordwind Maritime GmbH,DE94200505500000778899,Payment RE-2025-1099,RE-2025-1099,DE89370400440532013000
2025-08-20,13310.61,debit,Berlin City Utilities,DE58200400600971586400,Payment EK-2025-1100,EK-2025-1100,DE89370400440532013000
2025-08-20,11470.83,credit,Weaver Consulting,DE78200400600012312300,Payment RE-2025-1100,RE-2025-1100,DE89370400440532013000
2025-08-25,12286.48,debit,Hoffman Printing,DE03200400600022222200,Payment EK-2025-1101,EK-2025-1101,DE89370400440532013000
2025-08-25,12114.36,credit,Smith Corp,DE44500105175407324931,Payment RE-2025-1101,RE-2025-1101,DE89370400440532013000
2025-08-26,14939.67,debit,TechParts Inc,DE02120300000000202051,Payment EK-2025-1102,EK-2025-1102,DE89370400440532013000
2025-08-26,15207.06,credit,Brewer & Sons Ltd,DE62200700240000279500,Payment RE-2025-1102,RE-2025-1102,DE89370400440532013000
2025-08-27,10412.02,debit,Logistics Express Ltd,DE80200400600004444400,Payment EK-2025-1103,EK-2025-1103,DE89370400440532013000
2025-08-27,14968.66,credit,Little & Partners,DE26200400600087654300,Payment RE-2025-1103,RE-2025-1103,DE89370400440532013000
2025-09-01,12203.17,debit,Miller Office,DE32700100800012345000,Payment EK-2025-1104,EK-2025-1104,DE89370400440532013000
2025-09-01,12368.77,credit,Hoffman Trading Co,DE79345678901234567890,Payment RE-2025-1104,RE-2025-1104,DE89370400440532013000
2025-09-02,13680.08,debit,Berlin City Utilities,DE58200400600971586400,Payment EK-2025-1105,EK-2025-1105,DE89370400440532013000
2025-09-02,12000.00,debit,Salaries September,DE62370400440532013001,Wages and salaries September 2025,LG-2025-09,DE89370400440532013000
2025-09-02,14102.49,credit,Nordwind Maritime GmbH,DE94200505500000778899,Payment RE-2025-1105,RE-2025-1105,DE89370400440532013000
2025-09-03,9449.97,debit,Hoffman Printing,DE03200400600022222200,Payment EK-2025-1106,EK-2025-1106,DE89370400440532013000
2025-09-03,13228.99,credit,Weaver Consulting,DE78200400600012312300,Payment RE-2025-1106,RE-2025-1106,DE89370400440532013000
2025-09-03,950.00,debit,Telecom Business Customers,DE20200700240012345601,Telecommunications September,T-2025-09,DE89370400440532013000
2025-09-08,13440.15,debit,TechParts Inc,DE02120300000000202051,Payment EK-2025-1107,EK-2025-1107,DE89370400440532013000
2025-09-08,13870.34,credit,Smith Corp,DE44500105175407324931,Payment RE-2025-1107,RE-2025-1107,DE89370400440532013000
2025-09-09,14203.31,debit,Logistics Express Ltd,DE80200400600004444400,Payment EK-2025-1108,EK-2025-1108,DE89370400440532013000
2025-09-09,14785.99,credit,Brewer & Sons Ltd,DE62200700240000279500,Payment RE-2025-1108,RE-2025-1108,DE89370400440532013000
2025-09-10,9743.32,debit,Miller Office,DE32700100800012345000,Payment EK-2025-1109,EK-2025-1109,DE89370400440532013000
2025-09-10,13351.29,credit,Little & Partners,DE26200400600087654300,Payment RE-2025-1109,RE-2025-1109,DE89370400440532013000
2025-09-10,3200.00,debit,Berlin City Utilities,DE58200400600971586400,Electricity August 2025,RG-STW-082025,DE89370400440532013000
2025-09-15,11700.87,debit,Berlin City Utilities,DE58200400600971586400,Payment EK-2025-1110,EK-2025-1110,DE89370400440532013000
2025-09-15,15290.84,credit,Hoffman Trading Co,DE79345678901234567890,Payment RE-2025-1110,RE-2025-1110,DE89370400440532013000
2025-09-15,1850.00,debit,Miller Office,DE32700100800012345000,Rent September 2025,RENT-2025-09,DE89370400440532013000
2025-09-16,11940.32,debit,Hoffman Printing,DE03200400600022222200,Payment EK-2025-1111,EK-2025-1111,DE89370400440532013000
2025-09-16,15508.93,credit,Nordwind Maritime GmbH,DE94200505500000778899,Payment RE-2025-1111,RE-2025-1111,DE89370400440532013000
2025-09-17,15854.26,debit,TechParts Inc,DE02120300000000202051,Payment EK-2025-1112,EK-2025-1112,DE89370400440532013000
2025-09-17,13577.14,credit,Weaver Consulting,DE78200400600012312300,Payment RE-2025-1112,RE-2025-1112,DE89370400440532013000
2025-09-22,11843.85,debit,Logistics Express Ltd,DE80200400600004444400,Payment EK-2025-1113,EK-2025-1113,DE89370400440532013000
2025-09-22,11840.90,credit,Smith Corp,DE44500105175407324931,Payment RE-2025-1113,RE-2025-1113,DE89370400440532013000
2025-09-23,11330.75,debit,Miller Office,DE32700100800012345000,Payment EK-2025-1114,EK-2025-1114,DE89370400440532013000
2025-09-23,11313.26,credit,Brewer & Sons Ltd,DE62200700240000279500,Payment RE-2025-1114,RE-2025-1114,DE89370400440532013000
2025-09-24,13793.16,debit,Berlin City Utilities,DE58200400600971586400,Payment EK-2025-1115,EK-2025-1115,DE89370400440532013000
2025-09-24,18382.65,credit,Little & Partners,DE26200400600087654300,Payment RE-2025-1115,RE-2025-1115,DE89370400440532013000
2025-09-29,13207.59,debit,Hoffman Printing,DE03200400600022222200,Payment EK-2025-1116,EK-2025-1116,DE89370400440532013000
2025-09-29,17174.35,credit,Hoffman Trading Co,DE79345678901234567890,Payment RE-2025-1116,RE-2025-1116,DE89370400440532013000
2025-09-30,12090.79,debit,TechParts Inc,DE02120300000000202051,Payment EK-2025-1117,EK-2025-1117,DE89370400440532013000
2025-09-30,15625.85,credit,Nordwind Maritime GmbH,DE94200505500000778899,Payment RE-2025-1117,RE-2025-1117,DE89370400440532013000
2025-10-01,13755.86,debit,Logistics Express Ltd,DE80200400600004444400,Payment EK-2025-1118,EK-2025-1118,DE89370400440532013000
2025-10-01,11080.97,credit,Weaver Consulting,DE78200400600012312300,Payment RE-2025-1118,RE-2025-1118,DE89370400440532013000
2025-10-02,12000.00,debit,Salaries October,DE62370400440532013001,Wages and salaries October 2025,LG-2025-10,DE89370400440532013000
2025-10-03,950.00,debit,Telecom Business Customers,DE20200700240012345601,Telecommunications October,T-2025-10,DE89370400440532013000
2025-10-06,14482.03,debit,Miller Office,DE32700100800012345000,Payment EK-2025-1119,EK-2025-1119,DE89370400440532013000
2025-10-06,18532.32,credit,Smith Corp,DE44500105175407324931,Payment RE-2025-1119,RE-2025-1119,DE89370400440532013000
2025-10-07,12839.70,debit,Berlin City Utilities,DE58200400600971586400,Payment EK-2025-1120,EK-2025-1120,DE89370400440532013000
2025-10-07,16293.88,credit,Brewer & Sons Ltd,DE62200700240000279500,Payment RE-2025-1120,RE-2025-1120,DE89370400440532013000
2025-10-08,13836.35,debit,Hoffman Printing,DE03200400600022222200,Payment EK-2025-1121,EK-2025-1121,DE89370400440532013000
2025-10-08,11418.83,credit,Little & Partners,DE26200400600087654300,Payment RE-2025-1121,RE-2025-1121,DE89370400440532013000
2025-10-10,3200.00,debit,Berlin City Utilities,DE58200400600971586400,Electricity September 2025,RG-STW-092025,DE89370400440532013000
2025-10-13,12704.71,debit,TechParts Inc,DE02120300000000202051,Payment EK-2025-1122,EK-2025-1122,DE89370400440532013000
2025-10-13,12479.42,credit,Hoffman Trading Co,DE79345678901234567890,Payment RE-2025-1122,RE-2025-1122,DE89370400440532013000
2025-10-14,20406.55,debit,Logistics Express Ltd,DE80200400600004444400,Payment EK-2025-1123,EK-2025-1123,DE89370400440532013000
2025-10-14,21323.86,credit,Nordwind Maritime GmbH,DE94200505500000778899,Payment RE-2025-1123,RE-2025-1123,DE89370400440532013000
2025-10-15,10153.12,debit,Miller Office,DE32700100800012345000,Payment EK-2025-1124,EK-2025-1124,DE89370400440532013000
2025-10-15,14808.39,credit,Weaver Consulting,DE78200400600012312300,Payment RE-2025-1124,RE-2025-1124,DE89370400440532013000
2025-10-15,1850.00,debit,Miller Office,DE32700100800012345000,Rent October 2025,RENT-2025-10,DE89370400440532013000
2025-10-20,16268.87,debit,Berlin City Utilities,DE58200400600971586400,Payment EK-2025-1125,EK-2025-1125,DE89370400440532013000
2025-10-20,12870.34,credit,Smith Corp,DE44500105175407324931,Payment RE-2025-1125,RE-2025-1125,DE89370400440532013000
2025-10-21,12116.27,debit,Hoffman Printing,DE03200400600022222200,Payment EK-2025-1126,EK-2025-1126,DE89370400440532013000
2025-10-21,19208.36,credit,Brewer & Sons Ltd,DE62200700240000279500,Payment RE-2025-1126,RE-2025-1126,DE89370400440532013000
2025-10-22,11951.36,debit,TechParts Inc,DE02120300000000202051,Payment EK-2025-1127,EK-2025-1127,DE89370400440532013000
2025-10-22,13243.21,credit,Little & Partners,DE26200400600087654300,Payment RE-2025-1127,RE-2025-1127,DE89370400440532013000
2025-10-27,17403.06,debit,Logistics Express Ltd,DE80200400600004444400,Payment EK-2025-1128,EK-2025-1128,DE89370400440532013000
2025-10-27,17973.09,credit,Hoffman Trading Co,DE79345678901234567890,Payment RE-2025-1128,RE-2025-1128,DE89370400440532013000
2025-10-28,12900.32,debit,Miller Office,DE32700100800012345000,Payment EK-2025-1129,EK-2025-1129,DE89370400440532013000
2025-10-28,12910.01,credit,Nordwind Maritime GmbH,DE94200505500000778899,Payment RE-2025-1129,RE-2025-1129,DE89370400440532013000
2025-10-29,12028.03,debit,Berlin City Utilities,DE58200400600971586400,Payment EK-2025-1130,EK-2025-1130,DE89370400440532013000
2025-10-29,16680.28,credit,Weaver Consulting,DE78200400600012312300,Payment RE-2025-1130,RE-2025-1130,DE89370400440532013000
2025-11-02,12000.00,debit,Salaries November,DE62370400440532013001,Wages and salaries November 2025,LG-2025-11,DE89370400440532013000
2025-11-03,11736.50,debit,Hoffman Printing,DE03200400600022222200,Payment EK-2025-1131,EK-2025-1131,DE89370400440532013000
2025-11-03,19310.47,credit,Smith Corp,DE44500105175407324931,Payment RE-2025-1131,RE-2025-1131,DE89370400440532013000
2025-11-03,950.00,debit,Telecom Business Customers,DE20200700240012345601,Telecommunications November,T-2025-11,DE89370400440532013000
2025-11-04,17194.54,debit,TechParts Inc,DE02120300000000202051,Payment EK-2025-1132,EK-2025-1132,DE89370400440532013000
2025-11-04,13885.70,credit,Brewer & Sons Ltd,DE62200700240000279500,Payment RE-2025-1132,RE-2025-1132,DE89370400440532013000
2025-11-05,15358.52,debit,Logistics Express Ltd,DE80200400600004444400,Payment EK-2025-1133,EK-2025-1133,DE89370400440532013000
2025-11-05,16567.38,credit,Little & Partners,DE26200400600087654300,Payment RE-2025-1133,RE-2025-1133,DE89370400440532013000
2025-11-10,11954.63,debit,Miller Office,DE32700100800012345000,Payment EK-2025-1134,EK-2025-1134,DE89370400440532013000
2025-11-10,11915.88,credit,Hoffman Trading Co,DE79345678901234567890,Payment RE-2025-1134,RE-2025-1134,DE89370400440532013000
2025-11-10,3200.00,debit,Berlin City Utilities,DE58200400600971586400,Electricity October 2025,RG-STW-102025,DE89370400440532013000
2025-11-11,15583.67,debit,Berlin City Utilities,DE58200400600971586400,Payment EK-2025-1135,EK-2025-1135,DE89370400440532013000
2025-11-11,16102.63,credit,Nordwind Maritime GmbH,DE94200505500000778899,Payment RE-2025-1135,RE-2025-1135,DE89370400440532013000
2025-11-12,13456.87,debit,Hoffman Printing,DE03200400600022222200,Payment EK-2025-1136,EK-2025-1136,DE89370400440532013000
2025-11-12,18043.48,credit,Weaver Consulting,DE78200400600012312300,Payment RE-2025-1136,RE-2025-1136,DE89370400440532013000
2025-11-15,1850.00,debit,Miller Office,DE32700100800012345000,Rent November 2025,RENT-2025-11,DE89370400440532013000
2025-11-17,13339.99,debit,TechParts Inc,DE02120300000000202051,Payment EK-2025-1137,EK-2025-1137,DE89370400440532013000
2025-11-17,13612.05,credit,Smith Corp,DE44500105175407324931,Payment RE-2025-1137,RE-2025-1137,DE89370400440532013000
2025-11-18,16005.78,debit,Logistics Express Ltd,DE80200400600004444400,Payment EK-2025-1138,EK-2025-1138,DE89370400440532013000
2025-11-18,16693.33,credit,Brewer & Sons Ltd,DE62200700240000279500,Payment RE-2025-1138,RE-2025-1138,DE89370400440532013000
2025-11-19,13448.52,debit,Miller Office,DE32700100800012345000,Payment EK-2025-1139,EK-2025-1139,DE89370400440532013000
2025-11-19,17778.09,credit,Little & Partners,DE26200400600087654300,Payment RE-2025-1139,RE-2025-1139,DE89370400440532013000
2025-11-24,17681.37,debit,Berlin City Utilities,DE58200400600971586400,Payment EK-2025-1140,EK-2025-1140,DE89370400440532013000
2025-11-24,23407.81,credit,Hoffman Trading Co,DE79345678901234567890,Payment RE-2025-1140,RE-2025-1140,DE89370400440532013000
2025-11-25,10464.08,debit,Hoffman Printing,DE03200400600022222200,Payment EK-2025-1141,EK-2025-1141,DE89370400440532013000
2025-11-25,13026.72,credit,Nordwind Maritime GmbH,DE94200505500000778899,Payment RE-2025-1141,RE-2025-1141,DE89370400440532013000
2025-11-26,16377.60,debit,TechParts Inc,DE02120300000000202051,Payment EK-2025-1142,EK-2025-1142,DE89370400440532013000
2025-11-26,13591.37,credit,Weaver Consulting,DE78200400600012312300,Payment RE-2025-1142,RE-2025-1142,DE89370400440532013000
2025-12-01,12284.71,debit,Logistics Express Ltd,DE80200400600004444400,Payment EK-2025-1143,EK-2025-1143,DE89370400440532013000
2025-12-01,15704.84,credit,Smith Corp,DE44500105175407324931,Payment RE-2025-1143,RE-2025-1143,DE89370400440532013000
2025-12-02,13992.33,debit,Miller Office,DE32700100800012345000,Payment EK-2025-1144,EK-2025-1144,DE89370400440532013000
2025-12-02,12000.00,debit,Salaries December,DE62370400440532013001,Wages and salaries December 2025,LG-2025-12,DE89370400440532013000
2025-12-02,18331.67,credit,Brewer & Sons Ltd,DE62200700240000279500,Payment RE-2025-1144,RE-2025-1144,DE89370400440532013000
2025-12-03,19891.37,debit,Berlin City Utilities,DE58200400600971586400,Payment EK-2025-1145,EK-2025-1145,DE89370400440532013000
2025-12-03,17838.11,credit,Little & Partners,DE26200400600087654300,Payment RE-2025-1145,RE-2025-1145,DE89370400440532013000
2025-12-03,950.00,debit,Telecom Business Customers,DE20200700240012345601,Telecommunications December,T-2025-12,DE89370400440532013000
2025-12-08,15423.39,debit,Hoffman Printing,DE03200400600022222200,Payment EK-2025-1146,EK-2025-1146,DE89370400440532013000
2025-12-08,15600.11,credit,Hoffman Trading Co,DE79345678901234567890,Payment RE-2025-1146,RE-2025-1146,DE89370400440532013000
2025-12-09,16300.69,debit,TechParts Inc,DE02120300000000202051,Payment EK-2025-1147,EK-2025-1147,DE89370400440532013000
2025-12-09,16667.87,credit,Nordwind Maritime GmbH,DE94200505500000778899,Payment RE-2025-1147,RE-2025-1147,DE89370400440532013000
2025-12-10,10701.27,debit,Logistics Express Ltd,DE80200400600004444400,Payment EK-2025-1148,EK-2025-1148,DE89370400440532013000
2025-12-10,15400.95,credit,Weaver Consulting,DE78200400600012312300,Payment RE-2025-1148,RE-2025-1148,DE89370400440532013000
2025-12-10,3200.00,debit,Berlin City Utilities,DE58200400600971586400,Electricity November 2025,RG-STW-112025,DE89370400440532013000
2025-12-15,16503.74,debit,Miller Office,DE32700100800012345000,Payment EK-2025-1149,EK-2025-1149,DE89370400440532013000
2025-12-15,17008.81,credit,Smith Corp,DE44500105175407324931,Payment RE-2025-1149,RE-2025-1149,DE89370400440532013000
2025-12-15,1850.00,debit,Miller Office,DE32700100800012345000,Rent December 2025,RENT-2025-12,DE89370400440532013000
2025-12-16,16534.41,debit,Berlin City Utilities,DE58200400600971586400,Payment EK-2025-1150,EK-2025-1150,DE89370400440532013000
2025-12-16,17104.34,credit,Brewer & Sons Ltd,DE62200700240000279500,Payment RE-2025-1150,RE-2025-1150,DE89370400440532013000
2025-12-17,10836.88,debit,Hoffman Printing,DE03200400600022222200,Payment EK-2025-1151,EK-2025-1151,DE89370400440532013000
2025-12-17,15184.64,credit,Little & Partners,DE26200400600087654300,Payment RE-2025-1151,RE-2025-1151,DE89370400440532013000
2025-12-22,10801.93,debit,TechParts Inc,DE02120300000000202051,Payment EK-2025-1152,EK-2025-1152,DE89370400440532013000
2025-12-22,18214.66,credit,Hoffman Trading Co,DE79345678901234567890,Payment RE-2025-1152,RE-2025-1152,DE89370400440532013000
2025-12-23,20802.54,debit,Logistics Express Ltd,DE80200400600004444400,Payment EK-2025-1153,EK-2025-1153,DE89370400440532013000
2025-12-23,17525.14,credit,Nordwind Maritime GmbH,DE94200505500000778899,Payment RE-2025-1153,RE-2025-1153,DE89370400440532013000
2025-12-24,13616.61,debit,Miller Office,DE32700100800012345000,Payment EK-2025-1154,EK-2025-1154,DE89370400440532013000
2025-12-24,15070.41,credit,Weaver Consulting,DE78200400600012312300,Payment RE-2025-1154,RE-2025-1154,DE89370400440532013000
2025-12-29,13896.07,debit,Berlin City Utilities,DE58200400600971586400,Payment EK-2025-1155,EK-2025-1155,DE89370400440532013000
2025-12-29,13853.26,credit,Smith Corp,DE44500105175407324931,Payment RE-2025-1155,RE-2025-1155,DE89370400440532013000
2025-12-30,12233.16,debit,Hoffman Printing,DE03200400600022222200,Payment EK-2025-1156,EK-2025-1156,DE89370400440532013000
2025-12-30,12025.78,credit,Brewer & Sons Ltd,DE62200700240000279500,Payment RE-2025-1156,RE-2025-1156,DE89370400440532013000
2025-12-31,15086.07,debit,TechParts Inc,DE02120300000000202051,Payment EK-2025-1157,EK-2025-1157,DE89370400440532013000
2025-12-31,20430.29,credit,Little & Partners,DE26200400600087654300,Payment RE-2025-1157,RE-2025-1157,DE89370400440532013000
2026-01-02,12000.00,debit,Salaries January,DE62370400440532013001,Wages and salaries January 2026,LG-2026-01,DE89370400440532013000
2026-01-03,950.00,debit,Telecom Business Customers,DE20200700240012345601,Telecommunications January,T-2026-01,DE89370400440532013000
2026-01-05,14994.33,debit,Logistics Express Ltd,DE80200400600004444400,Payment EK-2026-1001,EK-2026-1001,DE89370400440532013000
2026-01-05,15304.98,credit,Little & Partners,DE26200400600087654300,Payment RE-2026-1001,RE-2026-1001,DE89370400440532013000
2026-01-06,12774.38,debit,Miller Office,DE32700100800012345000,Payment EK-2026-1002,EK-2026-1002,DE89370400440532013000
2026-01-06,12839.53,credit,Hoffman Trading Co,DE79345678901234567890,Payment RE-2026-1002,RE-2026-1002,DE89370400440532013000
2026-01-07,14604.24,debit,Berlin City Utilities,DE58200400600971586400,Payment EK-2026-1003,EK-2026-1003,DE89370400440532013000
2026-01-07,19465.54,credit,Nordwind Maritime GmbH,DE94200505500000778899,Payment RE-2026-1003,RE-2026-1003,DE89370400440532013000
2026-01-10,3200.00,debit,Berlin City Utilities,DE58200400600971586400,Electricity December 2025,RG-STW-122025,DE89370400440532013000
2026-01-12,15911.80,debit,Hoffman Printing,DE03200400600022222200,Payment EK-2026-1004,EK-2026-1004,DE89370400440532013000
2026-01-12,16501.16,credit,Weaver Consulting,DE78200400600012312300,Payment RE-2026-1004,RE-2026-1004,DE89370400440532013000
2026-01-13,13242.73,debit,TechParts Inc,DE02120300000000202051,Payment EK-2026-1005,EK-2026-1005,DE89370400440532013000
2026-01-13,13523.21,credit,Aurora Labs Ltd,DE67701500000123456780,Payment RE-2026-1005,RE-2026-1005,DE89370400440532013000
2026-01-14,14265.51,debit,Logistics Express Ltd,DE80200400600004444400,Payment EK-2026-1006,EK-2026-1006,DE89370400440532013000
2026-01-14,18762.19,credit,Smith Corp,DE44500105175407324931,Payment RE-2026-1006,RE-2026-1006,DE89370400440532013000
2026-01-15,1850.00,debit,Miller Office,DE32700100800012345000,Rent January 2026,RENT-2026-01,DE89370400440532013000
2026-01-19,10759.40,debit,Miller Office,DE32700100800012345000,Payment EK-2026-1007,EK-2026-1007,DE89370400440532013000
2026-01-19,13399.76,credit,Brewer & Sons Ltd,DE62200700240000279500,Payment RE-2026-1007,RE-2026-1007,DE89370400440532013000
2026-01-20,16575.80,debit,Berlin City Utilities,DE58200400600971586400,Payment EK-2026-1008,EK-2026-1008,DE89370400440532013000
2026-01-20,21922.52,credit,Little & Partners,DE26200400600087654300,Payment RE-2026-1008,RE-2026-1008,DE89370400440532013000
2026-01-21,17018.94,debit,Hoffman Printing,DE03200400600022222200,Payment EK-2026-1009,EK-2026-1009,DE89370400440532013000
2026-01-21,14513.83,credit,Hoffman Trading Co,DE79345678901234567890,Payment RE-2026-1009,RE-2026-1009,DE89370400440532013000
2026-01-26,13256.31,debit,TechParts Inc,DE02120300000000202051,Payment EK-2026-1010,EK-2026-1010,DE89370400440532013000
2026-01-26,13371.10,credit,Nordwind Maritime GmbH,DE94200505500000778899,Payment RE-2026-1010,RE-2026-1010,DE89370400440532013000
2026-01-27,8883.14,debit,Logistics Express Ltd,DE80200400600004444400,Payment EK-2026-1011,EK-2026-1011,DE89370400440532013000
2026-01-27,19119.47,credit,Weaver Consulting,DE78200400600012312300,Payment RE-2026-1011,RE-2026-1011,DE89370400440532013000
2026-01-28,18014.43,debit,Miller Office,DE32700100800012345000,Payment EK-2026-1012,EK-2026-1012,DE89370400440532013000
2026-01-28,12626.15,credit,Aurora Labs Ltd,DE67701500000123456780,Payment RE-2026-1012,RE-2026-1012,DE89370400440532013000
2026-02-02,17797.05,debit,Berlin City Utilities,DE58200400600971586400,Payment EK-2026-1013,EK-2026-1013,DE89370400440532013000
2026-02-02,12000.00,debit,Salaries February,DE62370400440532013001,Wages and salaries February 2026,LG-2026-02,DE89370400440532013000
2026-02-02,18359.18,credit,Smith Corp,DE44500105175407324931,Payment RE-2026-1013,RE-2026-1013,DE89370400440532013000
2026-02-03,12084.12,debit,Hoffman Printing,DE03200400600022222200,Payment EK-2026-1014,EK-2026-1014,DE89370400440532013000
2026-02-03,11914.25,credit,Brewer & Sons Ltd,DE62200700240000279500,Payment RE-2026-1014,RE-2026-1014,DE89370400440532013000
2026-02-03,950.00,debit,Telecom Business Customers,DE20200700240012345601,Telecommunications February,T-2026-02,DE89370400440532013000
2026-02-04,11058.73,debit,TechParts Inc,DE02120300000000202051,Payment EK-2026-1015,EK-2026-1015,DE89370400440532013000
2026-02-04,15726.45,credit,Little & Partners,DE26200400600087654300,Payment RE-2026-1015,RE-2026-1015,DE89370400440532013000
2026-02-09,11579.10,debit,Logistics Express Ltd,DE80200400600004444400,Payment EK-2026-1016,EK-2026-1016,DE89370400440532013000
2026-02-09,19037.42,credit,Hoffman Trading Co,DE79345678901234567890,Payment RE-2026-1016,RE-2026-1016,DE89370400440532013000
2026-02-10,16026.65,debit,Miller Office,DE32700100800012345000,Payment EK-2026-1017,EK-2026-1017,DE89370400440532013000
2026-02-10,12574.92,credit,Nordwind Maritime GmbH,DE94200505500000778899,Payment RE-2026-1017,RE-2026-1017,DE89370400440532013000
2026-02-10,3200.00,debit,Berlin City Utilities,DE58200400600971586400,Electricity January 2026,RG-STW-012026,DE89370400440532013000
2026-02-11,14019.43,debit,Berlin City Utilities,DE58200400600971586400,Payment EK-2026-1018,EK-2026-1018,DE89370400440532013000
2026-02-11,15157.52,credit,Weaver Consulting,DE78200400600012312300,Payment RE-2026-1018,RE-2026-1018,DE89370400440532013000
2026-02-15,1850.00,debit,Miller Office,DE32700100800012345000,Rent February 2026,RENT-2026-02,DE89370400440532013000
2026-02-16,11413.55,debit,Hoffman Printing,DE03200400600022222200,Payment EK-2026-1019,EK-2026-1019,DE89370400440532013000
2026-02-16,11341.00,credit,Aurora Labs Ltd,DE67701500000123456780,Payment RE-2026-1019,RE-2026-1019,DE89370400440532013000
2026-02-17,14108.37,debit,TechParts Inc,DE02120300000000202051,Payment EK-2026-1020,EK-2026-1020,DE89370400440532013000
2026-02-17,14466.81,credit,Smith Corp,DE44500105175407324931,Payment RE-2026-1020,RE-2026-1020,DE89370400440532013000
2026-02-18,11920.98,debit,Logistics Express Ltd,DE80200400600004444400,Payment EK-2026-1021,EK-2026-1021,DE89370400440532013000
2026-02-18,16262.86,credit,Brewer & Sons Ltd,DE62200700240000279500,Payment RE-2026-1021,RE-2026-1021,DE89370400440532013000
2026-02-23,12344.48,debit,Miller Office,DE32700100800012345000,Payment EK-2026-1022,EK-2026-1022,DE89370400440532013000
2026-02-23,12571.77,credit,Little & Partners,DE26200400600087654300,Payment RE-2026-1022,RE-2026-1022,DE89370400440532013000
2026-02-24,14100.84,debit,Berlin City Utilities,DE58200400600971586400,Payment EK-2026-1023,EK-2026-1023,DE89370400440532013000
2026-02-24,14618.66,credit,Hoffman Trading Co,DE79345678901234567890,Payment RE-2026-1023,RE-2026-1023,DE89370400440532013000
2026-02-25,11591.83,debit,Hoffman Printing,DE03200400600022222200,Payment EK-2026-1024,EK-2026-1024,DE89370400440532013000
2026-02-25,15547.94,credit,Nordwind Maritime GmbH,DE94200505500000778899,Payment RE-2026-1024,RE-2026-1024,DE89370400440532013000
2026-03-02,16082.68,debit,TechParts Inc,DE02120300000000202051,Payment EK-2026-1025,EK-2026-1025,DE89370400440532013000
2026-03-02,12000.00,debit,Salaries March,DE62370400440532013001,Wages and salaries March 2026,LG-2026-03,DE89370400440532013000
2026-03-02,13560.10,credit,Weaver Consulting,DE78200400600012312300,Payment RE-2026-1025,RE-2026-1025,DE89370400440532013000
2026-03-03,8541.18,debit,Logistics Express Ltd,DE80200400600004444400,Payment EK-2026-1026,EK-2026-1026,DE89370400440532013000
2026-03-03,14757.21,credit,Aurora Labs Ltd,DE67701500000123456780,Payment RE-2026-1026,RE-2026-1026,DE89370400440532013000
2026-03-03,950.00,debit,Telecom Business Customers,DE20200700240012345601,Telecommunications March,T-2026-03,DE89370400440532013000
2026-03-04,13931.13,debit,Miller Office,DE32700100800012345000,Payment EK-2026-1027,EK-2026-1027,DE89370400440532013000
2026-03-04,15002.91,credit,Smith Corp,DE44500105175407324931,Payment RE-2026-1027,RE-2026-1027,DE89370400440532013000
2026-03-09,10834.56,debit,Berlin City Utilities,DE58200400600971586400,Payment EK-2026-1028,EK-2026-1028,DE89370400440532013000
2026-03-09,14133.50,credit,Brewer & Sons Ltd,DE62200700240000279500,Payment RE-2026-1028,RE-2026-1028,DE89370400440532013000
2026-03-10,11452.52,debit,Hoffman Printing,DE03200400600022222200,Payment EK-2026-1029,EK-2026-1029,DE89370400440532013000
2026-03-10,15158.30,credit,Little & Partners,DE26200400600087654300,Payment RE-2026-1029,RE-2026-1029,DE89370400440532013000
2026-03-10,3200.00,debit,Berlin City Utilities,DE58200400600971586400,Electricity February 2026,RG-STW-022026,DE89370400440532013000
2026-03-11,16719.11,debit,TechParts Inc,DE02120300000000202051,Payment EK-2026-1030,EK-2026-1030,DE89370400440532013000
2026-03-11,14535.38,credit,Hoffman Trading Co,DE79345678901234567890,Payment RE-2026-1030,RE-2026-1030,DE89370400440532013000
2026-03-15,1850.00,debit,Miller Office,DE32700100800012345000,Rent March 2026,RENT-2026-03,DE89370400440532013000
2026-03-16,10563.52,debit,Logistics Express Ltd,DE80200400600004444400,Payment EK-2026-1031,EK-2026-1031,DE89370400440532013000
2026-03-16,13600.90,credit,Nordwind Maritime GmbH,DE94200505500000778899,Payment RE-2026-1031,RE-2026-1031,DE89370400440532013000
2026-03-17,10451.48,debit,Miller Office,DE32700100800012345000,Payment EK-2026-1032,EK-2026-1032,DE89370400440532013000
2026-03-17,13498.87,credit,Weaver Consulting,DE78200400600012312300,Payment RE-2026-1032,RE-2026-1032,DE89370400440532013000
2026-03-18,13999.00,debit,Berlin City Utilities,DE58200400600971586400,Payment EK-2026-1033,EK-2026-1033,DE89370400440532013000
2026-03-18,12241.81,credit,Aurora Labs Ltd,DE67701500000123456780,Payment RE-2026-1033,RE-2026-1033,DE89370400440532013000
2026-03-23,14017.85,debit,Hoffman Printing,DE03200400600022222200,Payment EK-2026-1034,EK-2026-1034,DE89370400440532013000
2026-03-23,14427.45,credit,Smith Corp,DE44500105175407324931,Payment RE-2026-1034,RE-2026-1034,DE89370400440532013000
2026-03-24,13240.64,debit,TechParts Inc,DE02120300000000202051,Payment EK-2026-1035,EK-2026-1035,DE89370400440532013000
2026-03-24,13595.35,credit,Brewer & Sons Ltd,DE62200700240000279500,Payment RE-2026-1035,RE-2026-1035,DE89370400440532013000
2026-03-25,8205.55,debit,Logistics Express Ltd,DE80200400600004444400,Payment EK-2026-1036,EK-2026-1036,DE89370400440532013000
2026-03-25,11824.43,credit,Little & Partners,DE26200400600087654300,Payment RE-2026-1036,RE-2026-1036,DE89370400440532013000
2026-03-30,8926.77,debit,Miller Office,DE32700100800012345000,Payment EK-2026-1037,EK-2026-1037,DE89370400440532013000
2026-03-30,15087.68,credit,Hoffman Trading Co,DE79345678901234567890,Payment RE-2026-1037,RE-2026-1037,DE89370400440532013000
2026-03-31,16610.50,debit,Berlin City Utilities,DE58200400600971586400,Payment EK-2026-1038,EK-2026-1038,DE89370400440532013000
2026-03-31,13698.44,credit,Nordwind Maritime GmbH,DE94200505500000778899,Payment RE-2026-1038,RE-2026-1038,DE89370400440532013000
2026-04-01,10346.57,debit,Hoffman Printing,DE03200400600022222200,Payment EK-2026-1039,EK-2026-1039,DE89370400440532013000
2026-04-01,11532.80,credit,Weaver Consulting,DE78200400600012312300,Payment RE-2026-1039,RE-2026-1039,DE89370400440532013000
2026-04-02,12000.00,debit,Salaries April,DE62370400440532013001,Wages and salaries April 2026,LG-2026-04,DE89370400440532013000
2026-04-03,950.00,debit,Telecom Business Customers,DE20200700240012345601,Telecommunications April,T-2026-04,DE89370400440532013000
2026-04-06,12952.50,debit,TechParts Inc,DE02120300000000202051,Payment EK-2026-1040,EK-2026-1040,DE89370400440532013000
2026-04-06,9972.15,credit,Aurora Labs Ltd,DE67701500000123456780,Payment RE-2026-1040,RE-2026-1040,DE89370400440532013000
2026-04-07,10355.89,debit,Logistics Express Ltd,DE80200400600004444400,Payment EK-2026-1041,EK-2026-1041,DE89370400440532013000
2026-04-07,16920.97,credit,Smith Corp,DE44500105175407324931,Payment RE-2026-1041,RE-2026-1041,DE89370400440532013000
2026-04-08,12979.41,debit,Miller Office,DE32700100800012345000,Payment EK-2026-1042,EK-2026-1042,DE89370400440532013000
2026-04-08,13879.69,credit,Brewer & Sons Ltd,DE62200700240000279500,Payment RE-2026-1042,RE-2026-1042,DE89370400440532013000
2026-04-10,3200.00,debit,Berlin City Utilities,DE58200400600971586400,Electricity March 2026,RG-STW-032026,DE89370400440532013000
2026-04-13,12148.85,debit,Berlin City Utilities,DE58200400600971586400,Payment EK-2026-1043,EK-2026-1043,DE89370400440532013000
2026-04-13,12378.62,credit,Little & Partners,DE26200400600087654300,Payment RE-2026-1043,RE-2026-1043,DE89370400440532013000
2026-04-14,9542.10,debit,Hoffman Printing,DE03200400600022222200,Payment EK-2026-1044,EK-2026-1044,DE89370400440532013000
2026-04-14,9459.95,credit,Hoffman Trading Co,DE79345678901234567890,Payment RE-2026-1044,RE-2026-1044,DE89370400440532013000
2026-04-15,10973.38,debit,TechParts Inc,DE02120300000000202051,Payment EK-2026-1045,EK-2026-1045,DE89370400440532013000
2026-04-15,14862.92,credit,Nordwind Maritime GmbH,DE94200505500000778899,Payment RE-2026-1045,RE-2026-1045,DE89370400440532013000
2026-04-15,1850.00,debit,Miller Office,DE32700100800012345000,Rent April 2026,RENT-2026-04,DE89370400440532013000
2026-04-20,12699.99,debit,Logistics Express Ltd,DE80200400600004444400,Payment EK-2026-1046,EK-2026-1046,DE89370400440532013000
2026-04-20,13154.78,credit,Weaver Consulting,DE78200400600012312300,Payment RE-2026-1046,RE-2026-1046,DE89370400440532013000
2026-04-21,9851.91,debit,Miller Office,DE32700100800012345000,Payment EK-2026-1047,EK-2026-1047,DE89370400440532013000
2026-04-21,9961.04,credit,Aurora Labs Ltd,DE67701500000123456780,Payment RE-2026-1047,RE-2026-1047,DE89370400440532013000
2026-04-22,10608.23,debit,Berlin City Utilities,DE58200400600971586400,Payment EK-2026-1048,EK-2026-1048,DE89370400440532013000
2026-04-22,14142.75,credit,Smith Corp,DE44500105175407324931,Payment RE-2026-1048,RE-2026-1048,DE89370400440532013000
2026-04-27,8475.58,debit,Hoffman Printing,DE03200400600022222200,Payment EK-2026-1049,EK-2026-1049,DE89370400440532013000
2026-04-27,8226.81,credit,Brewer & Sons Ltd,DE62200700240000279500,Payment RE-2026-1049,RE-2026-1049,DE89370400440532013000
2026-04-28,12464.16,debit,TechParts Inc,DE02120300000000202051,Payment EK-2026-1050,EK-2026-1050,DE89370400440532013000
2026-04-28,12814.86,credit,Little & Partners,DE26200400600087654300,Payment RE-2026-1050,RE-2026-1050,DE89370400440532013000
2026-04-29,12740.49,debit,Logistics Express Ltd,DE80200400600004444400,Payment EK-2026-1051,EK-2026-1051,DE89370400440532013000
2026-04-29,16801.28,credit,Hoffman Trading Co,DE79345678901234567890,Payment RE-2026-1051,RE-2026-1051,DE89370400440532013000
2026-05-02,12000.00,debit,Salaries May,DE62370400440532013001,Wages and salaries May 2026,LG-2026-05,DE89370400440532013000
2026-05-03,950.00,debit,Telecom Business Customers,DE20200700240012345601,Telecommunications May,T-2026-05,DE89370400440532013000
2026-05-04,8431.67,debit,Miller Office,DE32700100800012345000,Payment EK-2026-1052,EK-2026-1052,DE89370400440532013000
2026-05-04,10620.58,credit,Nordwind Maritime GmbH,DE94200505500000778899,Payment RE-2026-1052,RE-2026-1052,DE89370400440532013000
2026-05-05,11105.40,debit,Berlin City Utilities,DE58200400600971586400,Payment EK-2026-1053,EK-2026-1053,DE89370400440532013000
2026-05-05,14482.53,credit,Weaver Consulting,DE78200400600012312300,Payment RE-2026-1053,RE-2026-1053,DE89370400440532013000
2026-05-06,10882.07,debit,Hoffman Printing,DE03200400600022222200,Payment EK-2026-1054,EK-2026-1054,DE89370400440532013000
2026-05-06,9075.70,credit,Aurora Labs Ltd,DE67701500000123456780,Payment RE-2026-1054,RE-2026-1054,DE89370400440532013000
2026-05-08,3200.00,debit,Berlin City Utilities,DE58200400600971586400,Electricity April 2026,RG-STW-042026,DE89370400440532013000
2026-05-11,11244.44,debit,TechParts Inc,DE02120300000000202051,Payment EK-2026-1055,EK-2026-1055,DE89370400440532013000
2026-05-11,11548.17,credit,Smith Corp,DE44500105175407324931,Payment RE-2026-1055,RE-2026-1055,DE89370400440532013000
2026-05-12,6904.05,debit,Logistics Express Ltd,DE80200400600004444400,Payment EK-2026-1056,EK-2026-1056,DE89370400440532013000
2026-05-12,14352.18,credit,Brewer & Sons Ltd,DE62200700240000279500,Payment RE-2026-1056,RE-2026-1056,DE89370400440532013000
2026-05-13,12936.64,debit,Miller Office,DE32700100800012345000,Payment EK-2026-1057,EK-2026-1057,DE89370400440532013000
2026-05-13,9026.77,credit,Little & Partners,DE26200400600087654300,Payment RE-2026-1057,RE-2026-1057,DE89370400440532013000
2026-05-15,1850.00,debit,Miller Office,DE32700100800012345000,Rent May 2026,RENT-2026-05,DE89370400440532013000
2026-05-18,9350.06,debit,Berlin City Utilities,DE58200400600971586400,Payment EK-2026-1058,EK-2026-1058,DE89370400440532013000
2026-05-18,15330.34,credit,Hoffman Trading Co,DE79345678901234567890,Payment RE-2026-1058,RE-2026-1058,DE89370400440532013000
2026-05-19,12126.27,debit,Hoffman Printing,DE03200400600022222200,Payment EK-2026-1059,EK-2026-1059,DE89370400440532013000
2026-05-19,9192.23,credit,Nordwind Maritime GmbH,DE94200505500000778899,Payment RE-2026-1059,RE-2026-1059,DE89370400440532013000
2026-05-20,10335.13,debit,TechParts Inc,DE02120300000000202051,Payment EK-2026-1060,EK-2026-1060,DE89370400440532013000
2026-05-20,6700.00,debit,Logistics Express Ltd,DE80200400600004444400,Freight April,LOG-2026-04,DE89370400440532013000
2026-05-20,11220.65,credit,Weaver Consulting,DE78200400600012312300,Payment RE-2026-1060,RE-2026-1060,DE89370400440532013000
2026-05-25,7720.60,debit,Logistics Express Ltd,DE80200400600004444400,Payment EK-2026-1061,EK-2026-1061,DE89370400440532013000
2026-05-25,10342.38,credit,Aurora Labs Ltd,DE67701500000123456780,Payment RE-2026-1061,RE-2026-1061,DE89370400440532013000
2026-05-26,8991.77,debit,Miller Office,DE32700100800012345000,Payment EK-2026-1062,EK-2026-1062,DE89370400440532013000
2026-05-26,12356.19,credit,Smith Corp,DE44500105175407324931,Payment RE-2026-1062,RE-2026-1062,DE89370400440532013000
2026-05-27,7399.75,debit,Berlin City Utilities,DE58200400600971586400,Payment EK-2026-1063,EK-2026-1063,DE89370400440532013000
2026-05-27,13944.26,credit,Brewer & Sons Ltd,DE62200700240000279500,Payment RE-2026-1063,RE-2026-1063,DE89370400440532013000
2026-05-29,8500.00,debit,TechParts Inc,DE02120300000000202051,Payment EK-2026-0091,EK-2026-0091,DE89370400440532013000
2026-06-01,10112.17,debit,Hoffman Printing,DE03200400600022222200,Payment EK-2026-1064,EK-2026-1064,DE89370400440532013000
2026-06-01,15000.00,credit,Smith Corp,DE44500105175407324931,Payment RE-2026-0031,RE-2026-0031,DE89370400440532013000
2026-06-01,5676.10,credit,Little & Partners,DE26200400600087654300,Payment RE-2026-1064,RE-2026-1064,DE89370400440532013000
2026-06-02,10940.90,debit,TechParts Inc,DE02120300000000202051,Payment EK-2026-1065,EK-2026-1065,DE89370400440532013000
2026-06-02,12000.00,debit,Salaries June,DE62370400440532013001,Wages and salaries June 2026,LG-2026-06,DE89370400440532013000
2026-06-02,6220.12,credit,Hoffman Trading Co,DE79345678901234567890,Payment RE-2026-1065,RE-2026-1065,DE89370400440532013000
2026-06-03,8763.16,debit,Logistics Express Ltd,DE80200400600004444400,Payment EK-2026-1066,EK-2026-1066,DE89370400440532013000
2026-06-03,6605.16,credit,Nordwind Maritime GmbH,DE94200505500000778899,Payment RE-2026-1066,RE-2026-1066,DE89370400440532013000
2026-06-03,950.00,debit,Telecom Business Customers,DE20200700240012345601,Telecommunications June,T-2026-06,DE89370400440532013000
2026-06-08,10890.35,debit,Miller Office,DE32700100800012345000,Payment EK-2026-1067,EK-2026-1067,DE89370400440532013000
2026-06-08,8900.00,credit,Nordwind Maritime GmbH,DE94200505500000778899,Payment RE-2026-0033,RE-2026-0033,DE89370400440532013000
2026-06-08,8365.26,credit,Weaver Consulting,DE78200400600012312300,Payment RE-2026-1067,RE-2026-1067,DE89370400440532013000
2026-06-09,11166.56,debit,Berlin City Utilities,DE58200400600971586400,Payment EK-2026-1068,EK-2026-1068,DE89370400440532013000
2026-06-09,8626.77,credit,Aurora Labs Ltd,DE67701500000123456780,Payment RE-2026-1068,RE-2026-1068,DE89370400440532013000
2026-06-10,8753.03,debit,Hoffman Printing,DE03200400600022222200,Payment EK-2026-1069,EK-2026-1069,DE89370400440532013000
2026-06-10,8725.88,credit,Smith Corp,DE44500105175407324931,Payment RE-2026-1069,RE-2026-1069,DE89370400440532013000
2026-06-10,3200.00,debit,Berlin City Utilities,DE58200400600971586400,Electricity May 2026,RG-STW-052026,DE89370400440532013000
2026-06-15,9297.01,debit,TechParts Inc,DE02120300000000202051,Payment EK-2026-1070,EK-2026-1070,DE89370400440532013000
2026-06-15,22000.00,credit,Nordwind Maritime GmbH,DE94200505500000778899,Down payment Project Gamma,PRJ-GAMMA-01,DE89370400440532013000
2026-06-15,12175.94,credit,Brewer & Sons Ltd,DE62200700240000279500,Payment RE-2026-1070,RE-2026-1070,DE89370400440532013000
2026-06-15,1850.00,debit,Miller Office,DE32700100800012345000,Rent June 2026,RENT-2026-06,DE89370400440532013000
2026-06-16,9013.75,debit,Logistics Express Ltd,DE80200400600004444400,Payment EK-2026-1071,EK-2026-1071,DE89370400440532013000
2026-06-16,12002.65,credit,Little & Partners,DE26200400600087654300,Payment RE-2026-1071,RE-2026-1071,DE89370400440532013000
2026-06-17,13591.51,debit,Miller Office,DE32700100800012345000,Payment EK-2026-1072,EK-2026-1072,DE89370400440532013000
2026-06-17,11666.66,credit,Hoffman Trading Co,DE79345678901234567890,Payment RE-2026-1072,RE-2026-1072,DE89370400440532013000
2026-06-18,5500.00,debit,Logistics Express Ltd,DE80200400600004444400,Freight May,LOG-2026-05,DE89370400440532013000
2026-06-22,9264.80,debit,Berlin City Utilities,DE58200400600971586400,Payment EK-2026-1073,EK-2026-1073,DE89370400440532013000
2026-06-22,8764.12,credit,Nordwind Maritime GmbH,DE94200505500000778899,Payment RE-2026-1073,RE-2026-1073,DE89370400440532013000
2026-06-23,8507.83,debit,Hoffman Printing,DE03200400600022222200,Payment EK-2026-1074,EK-2026-1074,DE89370400440532013000
2026-06-23,7992.38,credit,Weaver Consulting,DE78200400600012312300,Payment RE-2026-1074,RE-2026-1074,DE89370400440532013000
2026-06-24,11628.18,debit,TechParts Inc,DE02120300000000202051,Payment EK-2026-1075,EK-2026-1075,DE89370400440532013000
2026-06-24,7078.12,credit,Aurora Labs Ltd,DE67701500000123456780,Payment RE-2026-1075,RE-2026-1075,DE89370400440532013000
2026-06-26,9200.00,credit,Aurora Labs Ltd,DE67701500000123456780,Payment RE-2026-0038,RE-2026-0038,DE89370400440532013000
2026-06-29,8949.78,debit,Logistics Express Ltd,DE80200400600004444400,Payment EK-2026-1076,EK-2026-1076,DE89370400440532013000
2026-06-29,11448.33,credit,Smith Corp,DE44500105175407324931,Payment RE-2026-1076,RE-2026-1076,DE89370400440532013000
2026-06-30,10000.00,credit,Main Business Account,DE89370400440532013000,Transfer from main account,TRF-2026-06,DE35370400440532013002
2026-06-30,7918.02,debit,Miller Office,DE32700100800012345000,Payment EK-2026-1077,EK-2026-1077,DE89370400440532013000
2026-06-30,10027.91,credit,Brewer & Sons Ltd,DE62200700240000279500,Payment RE-2026-1077,RE-2026-1077,DE89370400440532013000
2026-06-30,10000.00,debit,Reserve Account,DE35370400440532013002,Transfer to reserve,TRF-2026-06,DE89370400440532013000
2026-07-01,10019.61,debit,Berlin City Utilities,DE58200400600971586400,Payment EK-2026-1078,EK-2026-1078,DE89370400440532013000
2026-07-01,8503.99,credit,Little & Partners,DE26200400600087654300,Payment RE-2026-1078,RE-2026-1078,DE89370400440532013000
2026-07-02,3800.00,debit,TechParts Inc,DE02120300000000202051,Payment EK-2026-0098,EK-2026-0098,DE89370400440532013000
2026-07-02,12000.00,debit,Salaries July,DE62370400440532013001,Wages and salaries July 2026,LG-2026-07,DE89370400440532013000
2026-07-03,4500.00,credit,Little & Partners,DE26200400600087654300,Payment RE-2026-0039,RE-2026-0039,DE89370400440532013000
2026-07-03,950.00,debit,Telecom Business Customers,DE20200700240012345601,Telecommunications July,T-2026-07,DE89370400440532013000
2026-07-06,9000.00,credit,Main Business Account,DE89370400440532013000,Transfer from main account,TRF-2026-07,DE08370400440532013003
2026-07-06,13562.26,debit,Hoffman Printing,DE03200400600022222200,Payment EK-2026-1079,EK-2026-1079,DE89370400440532013000
2026-07-06,14135.63,credit,Hoffman Trading Co,DE79345678901234567890,Payment RE-2026-1079,RE-2026-1079,DE89370400440532013000
2026-07-06,9000.00,debit,Tax Account,DE08370400440532013003,Transfer for VAT prepayment,TRF-2026-07,DE89370400440532013000
2026-07-07,11677.20,debit,TechParts Inc,DE02120300000000202051,Payment EK-2026-1080,EK-2026-1080,DE89370400440532013000
2026-07-07,12035.99,credit,Nordwind Maritime GmbH,DE94200505500000778899,Payment RE-2026-1080,RE-2026-1080,DE89370400440532013000
2026-07-08,6844.64,debit,Logistics Express Ltd,DE80200400600004444400,Payment EK-2026-1081,EK-2026-1081,DE89370400440532013000
2026-07-08,9877.93,credit,Weaver Consulting,DE78200400600012312300,Payment RE-2026-1081,RE-2026-1081,DE89370400440532013000
2026-07-10,14800.00,debit,Cologne Tax Office,DE02120300000000202051,VAT prepayment Q2 2026,UST-Q2-2026,DE08370400440532013003
2026-07-10,3400.00,debit,Berlin City Utilities,DE58200400600971586400,Electricity June 2026,RG-STW-062026,DE89370400440532013000
2026-07-13,9725.76,debit,Miller Office,DE32700100800012345000,Payment EK-2026-1082,EK-2026-1082,DE89370400440532013000
2026-07-13,7997.18,credit,Aurora Labs Ltd,DE67701500000123456780,Payment RE-2026-1082,RE-2026-1082,DE89370400440532013000
2026-07-14,14984.93,debit,Berlin City Utilities,DE58200400600971586400,Payment EK-2026-1083,EK-2026-1083,DE89370400440532013000
2026-07-14,13028.43,credit,Smith Corp,DE44500105175407324931,Payment RE-2026-1083,RE-2026-1083,DE89370400440532013000
2026-07-15,8884.42,debit,Hoffman Printing,DE03200400600022222200,Payment EK-2026-1084,EK-2026-1084,DE89370400440532013000
2026-07-15,10421.71,credit,Brewer & Sons Ltd,DE62200700240000279500,Payment RE-2026-1084,RE-2026-1084,DE89370400440532013000
2026-07-15,1850.00,debit,Miller Office,DE32700100800012345000,Rent July 2026,RENT-2026-07,DE89370400440532013000
2026-07-17,6300.00,credit,Brewer & Sons Ltd,DE62200700240000279500,Payment RE-2026-0045,RE-2026-0045,DE89370400440532013000
2026-07-20,12316.19,debit,TechParts Inc,DE02120300000000202051,Payment EK-2026-1085,EK-2026-1085,DE89370400440532013000
2026-07-20,9885.79,credit,Little & Partners,DE26200400600087654300,Payment RE-2026-1085,RE-2026-1085,DE89370400440532013000
2026-07-21,8814.39,debit,Logistics Express Ltd,DE80200400600004444400,Payment EK-2026-1086,EK-2026-1086,DE89370400440532013000
2026-07-21,14201.24,credit,Hoffman Trading Co,DE79345678901234567890,Payment RE-2026-1086,RE-2026-1086,DE89370400440532013000
2026-07-21,4200.00,debit,Allianz Insurance,DE73200400600000200000,Business insurance Q3,VS-Q3-2026,DE89370400440532013000
2026-07-22,10210.79,debit,Miller Office,DE32700100800012345000,Payment EK-2026-1087,EK-2026-1087,DE89370400440532013000
2026-07-22,11128.00,credit,Nordwind Maritime GmbH,DE94200505500000778899,Payment RE-2026-1087,RE-2026-1087,DE89370400440532013000
2026-07-27,13267.87,debit,Berlin City Utilities,DE58200400600971586400,Payment EK-2026-1088,EK-2026-1088,DE89370400440532013000
2026-07-27,13727.01,credit,Weaver Consulting,DE78200400600012312300,Payment RE-2026-1088,RE-2026-1088,DE89370400440532013000
2026-07-28,9511.84,debit,Hoffman Printing,DE03200400600022222200,Payment EK-2026-1089,EK-2026-1089,DE89370400440532013000
2026-07-28,9500.44,credit,Aurora Labs Ltd,DE67701500000123456780,Payment RE-2026-1089,RE-2026-1089,DE89370400440532013000
2026-07-29,10236.75,debit,TechParts Inc,DE02120300000000202051,Payment EK-2026-1090,EK-2026-1090,DE89370400440532013000
2026-07-29,13869.69,credit,Smith Corp,DE44500105175407324931,Payment RE-2026-1090,RE-2026-1090,DE89370400440532013000
2026-08-03,9121.32,debit,Logistics Express Ltd,DE80200400600004444400,Payment EK-2026-1091,EK-2026-1091,DE89370400440532013000
2026-08-03,14887.48,credit,Brewer & Sons Ltd,DE62200700240000279500,Payment RE-2026-1091,RE-2026-1091,DE89370400440532013000
2026-08-04,12731.52,debit,Miller Office,DE32700100800012345000,Payment EK-2026-1092,EK-2026-1092,DE89370400440532013000
2026-08-04,10373.14,credit,Little & Partners,DE26200400600087654300,Payment RE-2026-1092,RE-2026-1092,DE89370400440532013000
2026-08-05,12945.21,debit,Berlin City Utilities,DE58200400600971586400,Payment EK-2026-1093,EK-2026-1093,DE89370400440532013000
2026-08-05,13838.31,credit,Hoffman Trading Co,DE79345678901234567890,Payment RE-2026-1093,RE-2026-1093,DE89370400440532013000
2026-08-10,9380.02,debit,Hoffman Printing,DE03200400600022222200,Payment EK-2026-1094,EK-2026-1094,DE89370400440532013000
2026-08-10,9385.48,credit,Nordwind Maritime GmbH,DE94200505500000778899,Payment RE-2026-1094,RE-2026-1094,DE89370400440532013000
2026-08-11,11761.88,debit,TechParts Inc,DE02120300000000202051,Payment EK-2026-1095,EK-2026-1095,DE89370400440532013000
2026-08-11,12137.91,credit,Weaver Consulting,DE78200400600012312300,Payment RE-2026-1095,RE-2026-1095,DE89370400440532013000
2026-08-12,11430.50,debit,Logistics Express Ltd,DE80200400600004444400,Payment EK-2026-1096,EK-2026-1096,DE89370400440532013000
2026-08-12,15074.82,credit,Aurora Labs Ltd,DE67701500000123456780,Payment RE-2026-1096,RE-2026-1096,DE89370400440532013000
2026-08-17,10606.90,debit,Miller Office,DE32700100800012345000,Payment EK-2026-1097,EK-2026-1097,DE89370400440532013000
2026-08-17,13418.20,credit,Smith Corp,DE44500105175407324931,Payment RE-2026-1097,RE-2026-1097,DE89370400440532013000
2026-08-18,12319.86,debit,Berlin City Utilities,DE58200400600971586400,Payment EK-2026-1098,EK-2026-1098,DE89370400440532013000
2026-08-18,15874.44,credit,Brewer & Sons Ltd,DE62200700240000279500,Payment RE-2026-1098,RE-2026-1098,DE89370400440532013000
2026-08-19,11539.09,debit,Hoffman Printing,DE03200400600022222200,Payment EK-2026-1099,EK-2026-1099,DE89370400440532013000
2026-08-19,9433.04,credit,Little & Partners,DE26200400600087654300,Payment RE-2026-1099,RE-2026-1099,DE89370400440532013000
